Match Id,Match,Bowling_team,Bowler_name,Overs,Maiden,Runs,Wickets,Economy,0s,4s,6s,Wides,NoBalls
T20I # 2729,India vs South-Africa-Final-1415755,India,Marco Jansen,4,0,49,1,12.25,4,5,2,1,1
T20I # 2729,India vs South-Africa-Final-1415755,India,Keshav Maharaj,3,0,23,2,7.66,10,3,1,0,0
T20I # 2729,India vs South-Africa-Final-1415755,India,Kagiso Rabada,4,0,36,1,9,8,2,2,2,0
T20I # 2729,India vs South-Africa-Final-1415755,India,Aiden Markram,2,0,16,0,8,1,0,1,0,0
T20I # 2729,India vs South-Africa-Final-1415755,India,Anrich Nortje,4,0,26,2,6.5,7,2,0,2,0
T20I # 2729,India vs South-Africa-Final-1415755,India,Tabraiz Shamsi,3,0,26,0,8.66,4,1,1,1,0
T20I # 2729,India vs South-Africa-Final-1415755,South Africa,Arshdeep Singh,4,0,20,2,5,12,2,0,0,0
T20I # 2729,India vs South-Africa-Final-1415755,South Africa,Jasprit Bumrah,4,0,18,2,4.5,14,2,0,0,0
T20I # 2729,India vs South-Africa-Final-1415755,South Africa,Axar Patel,4,0,49,1,12.25,8,5,3,2,0
T20I # 2729,India vs South-Africa-Final-1415755,South Africa,Kuldeep Yadav,4,0,45,0,11.25,6,3,3,0,0
T20I # 2729,India vs South-Africa-Final-1415755,South Africa,Hardik Pandya,3,0,20,3,6.66,9,1,1,1,1
T20I # 2729,India vs South-Africa-Final-1415755,South Africa,Ravindra Jadeja,1,0,12,0,12,0,0,1,0,0
T20I # 2724,England vs India-2Nd-Semi-Final-1415754,India,Reece Topley,3,0,25,1,8.33,8,3,1,0,0
T20I # 2724,England vs India-2Nd-Semi-Final-1415754,India,Jofra Archer,4,0,33,1,8.25,7,4,0,0,0
T20I # 2724,England vs India-2Nd-Semi-Final-1415754,India,Sam Curran,2,0,25,1,12.5,3,2,2,0,0
T20I # 2724,England vs India-2Nd-Semi-Final-1415754,India,Adil Rashid,4,0,25,1,6.25,9,3,0,0,0
T20I # 2724,England vs India-2Nd-Semi-Final-1415754,India,Chris Jordan,3,0,37,3,12.33,4,0,4,0,0
T20I # 2724,England vs India-2Nd-Semi-Final-1415754,India,Liam Livingstone,4,0,24,0,6,9,1,1,1,0
T20I # 2724,England vs India-2Nd-Semi-Final-1415754,England,Arshdeep Singh,2,0,17,0,8.5,5,3,0,0,0
T20I # 2724,England vs India-2Nd-Semi-Final-1415754,England,Jasprit Bumrah,2.4,0,12,2,4.5,8,1,0,0,0
T20I # 2724,England vs India-2Nd-Semi-Final-1415754,England,Axar Patel,4,0,23,3,5.75,10,0,1,0,0
T20I # 2724,England vs India-2Nd-Semi-Final-1415754,England,Kuldeep Yadav,4,0,19,3,4.75,12,2,0,0,0
T20I # 2724,England vs India-2Nd-Semi-Final-1415754,England,Ravindra Jadeja,3,0,16,0,5.33,6,1,0,0,0
T20I # 2724,England vs India-2Nd-Semi-Final-1415754,England,Hardik Pandya,1,0,14,0,14,1,1,1,0,0
T20I # 2723,Afghanistan vs South-Africa-1St-Semi-Final-1415753,Afghanistan,Marco Jansen,3,0,16,3,5.33,13,2,0,4,0
T20I # 2723,Afghanistan vs South-Africa-1St-Semi-Final-1415753,Afghanistan,Keshav Maharaj,1,0,6,0,6,3,1,0,0,0
T20I # 2723,Afghanistan vs South-Africa-1St-Semi-Final-1415753,Afghanistan,Kagiso Rabada,3,1,14,2,4.66,13,3,0,0,0
T20I # 2723,Afghanistan vs South-Africa-1St-Semi-Final-1415753,Afghanistan,Anrich Nortje,3,0,7,2,2.33,14,0,0,1,0
T20I # 2723,Afghanistan vs South-Africa-1St-Semi-Final-1415753,Afghanistan,Tabraiz Shamsi,1.5,0,6,3,3.27,9,1,0,1,0
T20I # 2723,Afghanistan vs South-Africa-1St-Semi-Final-1415753,South Africa,Naveen-ul-Haq,3,0,15,0,5,12,2,0,1,0
T20I # 2723,Afghanistan vs South-Africa-1St-Semi-Final-1415753,South Africa,Fazalhaq Farooqi,2,0,11,1,5.5,9,2,0,1,0
T20I # 2723,Afghanistan vs South-Africa-1St-Semi-Final-1415753,South Africa,Rashid Khan,1,0,8,0,8,2,1,0,0,0
T20I # 2723,Afghanistan vs South-Africa-1St-Semi-Final-1415753,South Africa,Azmatullah Omarzai,1.5,0,18,0,9.81,6,2,1,0,1
T20I # 2723,Afghanistan vs South-Africa-1St-Semi-Final-1415753,South Africa,Gulbadin Naib,1,0,8,0,8,2,1,0,0,0
T20I # 2722,Afghanistan vs Bangladesh-52Nd-Match-Super-Eights-Group-1-1415752,Afghanistan,Tanzim Hasan Sakib,4,0,36,0,9,9,1,2,1,0
T20I # 2722,Afghanistan vs Bangladesh-52Nd-Match-Super-Eights-Group-1-1415752,Afghanistan,Taskin Ahmed,4,1,12,1,3,19,0,1,0,0
T20I # 2722,Afghanistan vs Bangladesh-52Nd-Match-Super-Eights-Group-1-1415752,Afghanistan,Shakib Al Hasan,4,0,19,0,4.75,11,0,1,0,0
T20I # 2722,Afghanistan vs Bangladesh-52Nd-Match-Super-Eights-Group-1-1415752,Afghanistan,Mustafizur Rahman,4,0,17,1,4.25,14,2,0,0,0
T20I # 2722,Afghanistan vs Bangladesh-52Nd-Match-Super-Eights-Group-1-1415752,Afghanistan,Rishad Hossain,4,0,26,3,6.5,13,3,0,1,0
T20I # 2722,Afghanistan vs Bangladesh-52Nd-Match-Super-Eights-Group-1-1415752,Bangladesh,Naveen-ul-Haq,3.5,0,26,4,6.78,12,3,1,0,0
T20I # 2722,Afghanistan vs Bangladesh-52Nd-Match-Super-Eights-Group-1-1415752,Bangladesh,Fazalhaq Farooqi,2,0,15,1,7.5,3,1,0,2,0
T20I # 2722,Afghanistan vs Bangladesh-52Nd-Match-Super-Eights-Group-1-1415752,Bangladesh,Mohammad Nabi,2,0,15,0,7.5,5,2,0,0,0
T20I # 2722,Afghanistan vs Bangladesh-52Nd-Match-Super-Eights-Group-1-1415752,Bangladesh,Rashid Khan,4,0,23,4,5.75,9,2,0,1,0
T20I # 2722,Afghanistan vs Bangladesh-52Nd-Match-Super-Eights-Group-1-1415752,Bangladesh,Noor Ahmad,4,0,13,0,3.25,18,2,0,0,0
T20I # 2722,Afghanistan vs Bangladesh-52Nd-Match-Super-Eights-Group-1-1415752,Bangladesh,Gulbadin Naib,2,0,5,1,2.5,7,0,0,0,0
T20I # 2721,Australia vs India-51St-Match-Super-Eights-Group-1-1415751,India,Mitchell Starc,4,0,45,2,11.25,12,4,4,1,0
T20I # 2721,Australia vs India-51St-Match-Super-Eights-Group-1-1415751,India,Josh Hazlewood,4,0,14,1,3.5,13,1,0,0,0
T20I # 2721,Australia vs India-51St-Match-Super-Eights-Group-1-1415751,India,Pat Cummins,4,0,48,0,12,5,4,3,0,0
T20I # 2721,Australia vs India-51St-Match-Super-Eights-Group-1-1415751,India,Adam Zampa,4,0,41,0,10.25,2,1,3,0,0
T20I # 2721,Australia vs India-51St-Match-Super-Eights-Group-1-1415751,India,Marcus Stoinis,4,0,56,2,14,6,4,5,1,0
T20I # 2721,Australia vs India-51St-Match-Super-Eights-Group-1-1415751,Australia,Arshdeep Singh,4,0,37,3,9.25,12,4,2,2,0
T20I # 2721,Australia vs India-51St-Match-Super-Eights-Group-1-1415751,Australia,Jasprit Bumrah,4,0,29,1,7.25,11,3,1,0,0
T20I # 2721,Australia vs India-51St-Match-Super-Eights-Group-1-1415751,Australia,Axar Patel,3,0,21,1,7,9,2,1,0,0
T20I # 2721,Australia vs India-51St-Match-Super-Eights-Group-1-1415751,Australia,Hardik Pandya,4,0,47,0,11.75,8,4,3,1,0
T20I # 2721,Australia vs India-51St-Match-Super-Eights-Group-1-1415751,Australia,Kuldeep Yadav,4,0,24,2,6,9,1,1,0,0
T20I # 2721,Australia vs India-51St-Match-Super-Eights-Group-1-1415751,Australia,Ravindra Jadeja,1,0,17,0,17,0,2,1,0,0
T20I # 2720,West-Indies vs South-Africa-50Th-Match-Super-Eights-Group-2-1415750,West Indies,Marco Jansen,2,0,17,1,8.5,6,2,0,4,0
T20I # 2720,West-Indies vs South-Africa-50Th-Match-Super-Eights-Group-2-1415750,West Indies,Aiden Markram,4,0,28,1,7,11,1,2,2,0
T20I # 2720,West-Indies vs South-Africa-50Th-Match-Super-Eights-Group-2-1415750,West Indies,Keshav Maharaj,4,0,24,1,6,10,1,1,0,0
T20I # 2720,West-Indies vs South-Africa-50Th-Match-Super-Eights-Group-2-1415750,West Indies,Anrich Nortje,4,0,26,0,6.5,13,1,2,2,0
T20I # 2720,West-Indies vs South-Africa-50Th-Match-Super-Eights-Group-2-1415750,West Indies,Tabraiz Shamsi,4,0,27,3,6.75,11,3,1,0,0
T20I # 2720,West-Indies vs South-Africa-50Th-Match-Super-Eights-Group-2-1415750,West Indies,Kagiso Rabada,2,0,11,1,5.5,7,0,1,0,0
T20I # 2720,West-Indies vs South-Africa-50Th-Match-Super-Eights-Group-2-1415750,South Africa,Akeal Hosein,3,0,31,0,10.33,6,6,0,0,0
T20I # 2720,West-Indies vs South-Africa-50Th-Match-Super-Eights-Group-2-1415750,South Africa,Andre Russell,4,0,19,2,4.75,13,2,0,1,0
T20I # 2720,West-Indies vs South-Africa-50Th-Match-Super-Eights-Group-2-1415750,South Africa,Alzarri Joseph,4,0,25,2,6.25,9,1,0,1,0
T20I # 2720,West-Indies vs South-Africa-50Th-Match-Super-Eights-Group-2-1415750,South Africa,Gudakesh Motie,1,0,20,0,20,0,3,1,0,0
T20I # 2720,West-Indies vs South-Africa-50Th-Match-Super-Eights-Group-2-1415750,South Africa,Obed McCoy,1.1,0,15,0,12.85,3,1,1,3,0
T20I # 2720,West-Indies vs South-Africa-50Th-Match-Super-Eights-Group-2-1415750,South Africa,Roston Chase,3,0,12,3,4,10,1,0,0,0
T20I # 2719,England vs United-States-Of-America-49Th-Match-Super-Eights-Group-2-1415749,United States of America,Reece Topley,3,0,29,1,9.66,8,2,2,0,0
T20I # 2719,England vs United-States-Of-America-49Th-Match-Super-Eights-Group-2-1415749,United States of America,Jofra Archer,3,0,16,0,5.33,12,1,1,0,0
T20I # 2719,England vs United-States-Of-America-49Th-Match-Super-Eights-Group-2-1415749,United States of America,Sam Curran,2,0,23,2,11.5,4,3,1,0,0
T20I # 2719,England vs United-States-Of-America-49Th-Match-Super-Eights-Group-2-1415749,United States of America,Adil Rashid,4,0,13,2,3.25,13,0,0,1,0
T20I # 2719,England vs United-States-Of-America-49Th-Match-Super-Eights-Group-2-1415749,United States of America,Liam Livingstone,4,0,24,1,6,10,1,1,0,0
T20I # 2719,England vs United-States-Of-America-49Th-Match-Super-Eights-Group-2-1415749,United States of America,Chris Jordan,2.5,0,10,4,3.52,8,0,0,0,0
T20I # 2719,England vs United-States-Of-America-49Th-Match-Super-Eights-Group-2-1415749,England,Saurabh Netravalkar,2,0,21,0,10.5,5,1,2,0,0
T20I # 2719,England vs United-States-Of-America-49Th-Match-Super-Eights-Group-2-1415749,England,Harmeet Singh,2,0,36,0,18,3,0,5,2,0
T20I # 2719,England vs United-States-Of-America-49Th-Match-Super-Eights-Group-2-1415749,England,Nosthush Kenjige,2,0,19,0,9.5,3,3,0,0,0
T20I # 2719,England vs United-States-Of-America-49Th-Match-Super-Eights-Group-2-1415749,England,Ali Khan,2,0,26,0,13,2,2,0,2,0
T20I # 2719,England vs United-States-Of-America-49Th-Match-Super-Eights-Group-2-1415749,England,Shadley van Schalkwyk,1.4,0,15,0,9,2,2,0,0,1
T20I # 2717,Afghanistan vs Australia-48Th-Match-Super-Eights-Group-1-1415748,Afghanistan,Ashton Agar,4,1,17,0,4.25,15,1,0,0,0
T20I # 2717,Afghanistan vs Australia-48Th-Match-Super-Eights-Group-1-1415748,Afghanistan,Josh Hazlewood,4,0,39,0,9.75,10,4,2,1,0
T20I # 2717,Afghanistan vs Australia-48Th-Match-Super-Eights-Group-1-1415748,Afghanistan,Pat Cummins,4,0,28,3,7,13,3,1,1,0
T20I # 2717,Afghanistan vs Australia-48Th-Match-Super-Eights-Group-1-1415748,Afghanistan,Adam Zampa,4,0,28,2,7,9,2,1,1,0
T20I # 2717,Afghanistan vs Australia-48Th-Match-Super-Eights-Group-1-1415748,Afghanistan,Glenn Maxwell,2,0,12,0,6,5,1,0,1,0
T20I # 2717,Afghanistan vs Australia-48Th-Match-Super-Eights-Group-1-1415748,Afghanistan,Marcus Stoinis,2,0,19,1,9.5,4,1,1,0,0
T20I # 2717,Afghanistan vs Australia-48Th-Match-Super-Eights-Group-1-1415748,Australia,Naveen-ul-Haq,4,0,20,3,5,12,2,0,0,0
T20I # 2717,Afghanistan vs Australia-48Th-Match-Super-Eights-Group-1-1415748,Australia,Fazalhaq Farooqi,3,0,21,0,7,8,2,0,0,1
T20I # 2717,Afghanistan vs Australia-48Th-Match-Super-Eights-Group-1-1415748,Australia,Azmatullah Omarzai,1.2,0,10,1,7.5,5,2,0,0,0
T20I # 2717,Afghanistan vs Australia-48Th-Match-Super-Eights-Group-1-1415748,Australia,Mohammad Nabi,1,0,1,1,1,5,0,0,0,0
T20I # 2717,Afghanistan vs Australia-48Th-Match-Super-Eights-Group-1-1415748,Australia,Nangeyalia Kharote,1,0,13,0,13,1,1,1,0,0
T20I # 2717,Afghanistan vs Australia-48Th-Match-Super-Eights-Group-1-1415748,Australia,Rashid Khan,4,0,23,1,5.75,11,1,1,2,0
T20I # 2717,Afghanistan vs Australia-48Th-Match-Super-Eights-Group-1-1415748,Australia,Noor Ahmad,1,0,11,0,11,3,1,0,1,0
T20I # 2717,Afghanistan vs Australia-48Th-Match-Super-Eights-Group-1-1415748,Australia,Gulbadin Naib,4,0,20,4,5,13,1,1,0,0
T20I # 2716,Bangladesh vs India-47Th-Match-Super-Eights-Group-1-1415747,India,Mahedi Hasan,4,0,28,0,7,9,2,1,0,0
T20I # 2716,Bangladesh vs India-47Th-Match-Super-Eights-Group-1-1415747,India,Shakib Al Hasan,3,0,37,1,12.33,5,2,3,1,0
T20I # 2716,Bangladesh vs India-47Th-Match-Super-Eights-Group-1-1415747,India,Tanzim Hasan Sakib,4,0,32,2,8,11,1,3,1,0
T20I # 2716,Bangladesh vs India-47Th-Match-Super-Eights-Group-1-1415747,India,Mustafizur Rahman,4,0,48,0,12,6,5,2,1,1
T20I # 2716,Bangladesh vs India-47Th-Match-Super-Eights-Group-1-1415747,India,Rishad Hossain,3,0,43,2,14.33,4,2,4,2,0
T20I # 2716,Bangladesh vs India-47Th-Match-Super-Eights-Group-1-1415747,India,Mahmudullah,2,0,8,0,4,5,0,0,1,0
T20I # 2716,Bangladesh vs India-47Th-Match-Super-Eights-Group-1-1415747,Bangladesh,Arshdeep Singh,4,0,30,2,7.5,12,4,1,1,0
T20I # 2716,Bangladesh vs India-47Th-Match-Super-Eights-Group-1-1415747,Bangladesh,Jasprit Bumrah,4,0,13,2,3.25,15,1,0,0,0
T20I # 2716,Bangladesh vs India-47Th-Match-Super-Eights-Group-1-1415747,Bangladesh,Axar Patel,2,0,26,0,13,2,2,2,0,0
T20I # 2716,Bangladesh vs India-47Th-Match-Super-Eights-Group-1-1415747,Bangladesh,Hardik Pandya,3,0,32,1,10.66,6,1,3,2,0
T20I # 2716,Bangladesh vs India-47Th-Match-Super-Eights-Group-1-1415747,Bangladesh,Ravindra Jadeja,3,0,24,0,8,5,2,1,0,0
T20I # 2716,Bangladesh vs India-47Th-Match-Super-Eights-Group-1-1415747,Bangladesh,Kuldeep Yadav,4,0,19,3,4.75,11,0,1,0,0
T20I # 2713,West-Indies vs United-States-Of-America-46Th-Match-Super-Eights-Group-2-1415746,United States of America,Akeal Hosein,3,0,13,0,4.33,8,1,0,0,0
T20I # 2713,West-Indies vs United-States-Of-America-46Th-Match-Super-Eights-Group-2-1415746,United States of America,Andre Russell,3.5,0,31,3,8.08,13,3,1,3,0
T20I # 2713,West-Indies vs United-States-Of-America-46Th-Match-Super-Eights-Group-2-1415746,United States of America,Obed McCoy,2,0,20,0,10,4,3,0,1,0
T20I # 2713,West-Indies vs United-States-Of-America-46Th-Match-Super-Eights-Group-2-1415746,United States of America,Alzarri Joseph,4,0,31,2,7.75,9,1,2,1,1
T20I # 2713,West-Indies vs United-States-Of-America-46Th-Match-Super-Eights-Group-2-1415746,United States of America,Gudakesh Motie,3,0,14,1,4.66,9,1,0,0,0
T20I # 2713,West-Indies vs United-States-Of-America-46Th-Match-Super-Eights-Group-2-1415746,United States of America,Roston Chase,4,0,19,3,4.75,9,1,0,1,0
T20I # 2713,West-Indies vs United-States-Of-America-46Th-Match-Super-Eights-Group-2-1415746,West Indies,Saurabh Netravalkar,2.5,0,31,0,10.94,7,2,3,0,0
T20I # 2713,West-Indies vs United-States-Of-America-46Th-Match-Super-Eights-Group-2-1415746,West Indies,Nosthush Kenjige,1,0,11,0,11,1,0,1,0,0
T20I # 2713,West-Indies vs United-States-Of-America-46Th-Match-Super-Eights-Group-2-1415746,West Indies,Ali Khan,2,0,18,0,9,5,1,1,2,0
T20I # 2713,West-Indies vs United-States-Of-America-46Th-Match-Super-Eights-Group-2-1415746,West Indies,Harmeet Singh,2,0,18,1,9,4,1,1,0,0
T20I # 2713,West-Indies vs United-States-Of-America-46Th-Match-Super-Eights-Group-2-1415746,West Indies,Shadley van Schalkwyk,2,0,29,0,14.5,3,3,2,1,0
T20I # 2713,West-Indies vs United-States-Of-America-46Th-Match-Super-Eights-Group-2-1415746,West Indies,Milind Kumar,1,0,22,0,22,1,0,3,1,0
T20I # 2712,England vs South-Africa-45Th-Match-Super-Eights-Group-2-1415745,South Africa,Reece Topley,4,0,23,0,5.75,8,1,0,2,0
T20I # 2712,England vs South-Africa-45Th-Match-Super-Eights-Group-2-1415745,South Africa,Moeen Ali,3,0,25,1,8.33,6,2,1,0,0
T20I # 2712,England vs South-Africa-45Th-Match-Super-Eights-Group-2-1415745,South Africa,Jofra Archer,4,0,40,3,10,10,3,3,1,0
T20I # 2712,England vs South-Africa-45Th-Match-Super-Eights-Group-2-1415745,South Africa,Sam Curran,3,0,29,0,9.66,7,1,2,1,0
T20I # 2712,England vs South-Africa-45Th-Match-Super-Eights-Group-2-1415745,South Africa,Adil Rashid,4,0,20,1,5,9,1,0,0,0
T20I # 2712,England vs South-Africa-45Th-Match-Super-Eights-Group-2-1415745,South Africa,Mark Wood,2,0,22,0,11,4,4,0,2,0
T20I # 2712,England vs South-Africa-45Th-Match-Super-Eights-Group-2-1415745,England,Marco Jansen,4,0,31,0,7.75,9,2,1,0,1
T20I # 2712,England vs South-Africa-45Th-Match-Super-Eights-Group-2-1415745,England,Kagiso Rabada,4,0,32,2,8,9,3,1,2,0
T20I # 2712,England vs South-Africa-45Th-Match-Super-Eights-Group-2-1415745,England,Keshav Maharaj,4,0,25,2,6.25,9,2,0,0,0
T20I # 2712,England vs South-Africa-45Th-Match-Super-Eights-Group-2-1415745,England,Ottneil Baartman,3,0,27,1,9,7,3,1,0,0
T20I # 2712,England vs South-Africa-45Th-Match-Super-Eights-Group-2-1415745,England,Anrich Nortje,4,0,35,1,8.75,4,4,0,1,0
T20I # 2712,England vs South-Africa-45Th-Match-Super-Eights-Group-2-1415745,England,Aiden Markram,1,0,4,0,4,2,0,0,0,0
T20I # 2711,Australia vs Bangladesh-44Th-Match-Super-Eights-Group-1-1415744,Bangladesh,Mitchell Starc,4,0,21,1,5.25,15,3,0,2,0
T20I # 2711,Australia vs Bangladesh-44Th-Match-Super-Eights-Group-1-1415744,Bangladesh,Josh Hazlewood,4,1,25,0,6.25,12,1,1,1,0
T20I # 2711,Australia vs Bangladesh-44Th-Match-Super-Eights-Group-1-1415744,Bangladesh,Pat Cummins,4,0,29,3,7.25,8,1,0,3,0
T20I # 2711,Australia vs Bangladesh-44Th-Match-Super-Eights-Group-1-1415744,Bangladesh,Adam Zampa,4,0,24,2,6,10,3,0,0,0
T20I # 2711,Australia vs Bangladesh-44Th-Match-Super-Eights-Group-1-1415744,Bangladesh,Marcus Stoinis,2,0,24,1,12,3,1,2,1,0
T20I # 2711,Australia vs Bangladesh-44Th-Match-Super-Eights-Group-1-1415744,Bangladesh,Glenn Maxwell,2,0,14,1,7,3,1,0,0,0
T20I # 2711,Australia vs Bangladesh-44Th-Match-Super-Eights-Group-1-1415744,Australia,Mahedi Hasan,4,0,22,0,5.5,15,1,2,0,0
T20I # 2711,Australia vs Bangladesh-44Th-Match-Super-Eights-Group-1-1415744,Australia,Tanzim Hasan Sakib,1,0,9,0,9,2,1,0,0,0
T20I # 2711,Australia vs Bangladesh-44Th-Match-Super-Eights-Group-1-1415744,Australia,Taskin Ahmed,1.2,0,22,0,16.5,2,2,2,0,0
T20I # 2711,Australia vs Bangladesh-44Th-Match-Super-Eights-Group-1-1415744,Australia,Mustafizur Rahman,2,0,23,0,11.5,3,3,1,0,0
T20I # 2711,Australia vs Bangladesh-44Th-Match-Super-Eights-Group-1-1415744,Australia,Rishad Hossain,3,0,23,2,7.66,7,2,1,0,0
T20I # 2710,Afghanistan vs India-43Rd-Match-Super-Eights-Group-1-1415743,India,Fazalhaq Farooqi,4,0,33,3,8.25,12,4,1,2,0
T20I # 2710,Afghanistan vs India-43Rd-Match-Super-Eights-Group-1-1415743,India,Mohammad Nabi,3,0,24,0,8,7,3,0,0,0
T20I # 2710,Afghanistan vs India-43Rd-Match-Super-Eights-Group-1-1415743,India,Naveen-ul-Haq,4,0,40,1,10,9,3,2,3,0
T20I # 2710,Afghanistan vs India-43Rd-Match-Super-Eights-Group-1-1415743,India,Rashid Khan,4,0,26,3,6.5,13,3,1,0,0
T20I # 2710,Afghanistan vs India-43Rd-Match-Super-Eights-Group-1-1415743,India,Noor Ahmad,3,0,30,0,10,4,1,2,1,0
T20I # 2710,Afghanistan vs India-43Rd-Match-Super-Eights-Group-1-1415743,India,Azmatullah Omarzai,2,0,23,0,11.5,3,2,1,1,0
T20I # 2710,Afghanistan vs India-43Rd-Match-Super-Eights-Group-1-1415743,Afghanistan,Arshdeep Singh,4,0,36,3,9,12,3,2,5,0
T20I # 2710,Afghanistan vs India-43Rd-Match-Super-Eights-Group-1-1415743,Afghanistan,Jasprit Bumrah,4,1,7,3,1.75,20,1,0,0,0
T20I # 2710,Afghanistan vs India-43Rd-Match-Super-Eights-Group-1-1415743,Afghanistan,Axar Patel,3,1,15,1,5,11,0,1,0,0
T20I # 2710,Afghanistan vs India-43Rd-Match-Super-Eights-Group-1-1415743,Afghanistan,Hardik Pandya,2,0,13,0,6.5,8,1,1,1,0
T20I # 2710,Afghanistan vs India-43Rd-Match-Super-Eights-Group-1-1415743,Afghanistan,Kuldeep Yadav,4,0,32,2,8,11,2,2,1,1
T20I # 2710,Afghanistan vs India-43Rd-Match-Super-Eights-Group-1-1415743,Afghanistan,Ravindra Jadeja,3,0,20,1,6.66,4,0,1,0,0
T20I # 2709,West-Indies vs England-42Nd-Match-Super-Eights-Group-2-1415742,West Indies,Reece Topley,3,0,26,0,8.66,8,2,1,4,0
T20I # 2709,West-Indies vs England-42Nd-Match-Super-Eights-Group-2-1415742,West Indies,Mark Wood,3,0,36,0,12,7,3,2,4,0
T20I # 2709,West-Indies vs England-42Nd-Match-Super-Eights-Group-2-1415742,West Indies,Jofra Archer,4,0,34,1,8.5,12,5,1,1,0
T20I # 2709,West-Indies vs England-42Nd-Match-Super-Eights-Group-2-1415742,West Indies,Sam Curran,3,0,25,0,8.33,9,3,1,0,0
T20I # 2709,West-Indies vs England-42Nd-Match-Super-Eights-Group-2-1415742,West Indies,Adil Rashid,4,0,21,1,5.25,10,0,1,1,0
T20I # 2709,West-Indies vs England-42Nd-Match-Super-Eights-Group-2-1415742,West Indies,Moeen Ali,2,0,15,1,7.5,3,0,1,0,0
T20I # 2709,West-Indies vs England-42Nd-Match-Super-Eights-Group-2-1415742,West Indies,Liam Livingstone,1,0,20,1,20,2,0,3,0,0
T20I # 2709,West-Indies vs England-42Nd-Match-Super-Eights-Group-2-1415742,England,Akeal Hosein,4,0,35,0,8.75,9,4,1,1,0
T20I # 2709,West-Indies vs England-42Nd-Match-Super-Eights-Group-2-1415742,England,Romario Shepherd,2,0,41,0,20.5,2,5,3,1,0
T20I # 2709,West-Indies vs England-42Nd-Match-Super-Eights-Group-2-1415742,England,Andre Russell,2,0,21,1,10.5,2,0,1,2,0
T20I # 2709,West-Indies vs England-42Nd-Match-Super-Eights-Group-2-1415742,England,Alzarri Joseph,2.3,0,32,0,12.8,2,2,2,0,0
T20I # 2709,West-Indies vs England-42Nd-Match-Super-Eights-Group-2-1415742,England,Gudakesh Motie,4,0,32,0,8,8,4,0,0,0
T20I # 2709,West-Indies vs England-42Nd-Match-Super-Eights-Group-2-1415742,England,Roston Chase,3,0,19,1,6.33,6,1,0,2,0
T20I # 2708,South-Africa vs United-States-Of-America-41St-Match-Super-Eights-Group-2-1415741,South Africa,Saurabh Netravalkar,4,0,21,2,5.25,12,2,0,0,0
T20I # 2708,South-Africa vs United-States-Of-America-41St-Match-Super-Eights-Group-2-1415741,South Africa,Ali Khan,4,0,45,0,11.25,7,1,4,2,0
T20I # 2708,South-Africa vs United-States-Of-America-41St-Match-Super-Eights-Group-2-1415741,South Africa,Jasdeep Singh,2,0,36,0,18,2,2,3,2,1
T20I # 2708,South-Africa vs United-States-Of-America-41St-Match-Super-Eights-Group-2-1415741,South Africa,Nosthush Kenjige,3,0,29,0,9.66,2,2,1,0,0
T20I # 2708,South-Africa vs United-States-Of-America-41St-Match-Super-Eights-Group-2-1415741,South Africa,Harmeet Singh,4,0,24,2,6,8,2,0,0,1
T20I # 2708,South-Africa vs United-States-Of-America-41St-Match-Super-Eights-Group-2-1415741,South Africa,Steven Taylor,2,0,21,0,10.5,3,2,1,0,0
T20I # 2708,South-Africa vs United-States-Of-America-41St-Match-Super-Eights-Group-2-1415741,South Africa,Corey Anderson,1,0,17,0,17,0,2,1,0,0
T20I # 2708,South-Africa vs United-States-Of-America-41St-Match-Super-Eights-Group-2-1415741,United States of America,Marco Jansen,3,0,32,0,10.66,9,3,2,2,0
T20I # 2708,South-Africa vs United-States-Of-America-41St-Match-Super-Eights-Group-2-1415741,United States of America,Aiden Markram,1,0,13,0,13,2,1,1,0,0
T20I # 2708,South-Africa vs United-States-Of-America-41St-Match-Super-Eights-Group-2-1415741,United States of America,Kagiso Rabada,4,0,18,3,4.5,14,2,0,1,1
T20I # 2708,South-Africa vs United-States-Of-America-41St-Match-Super-Eights-Group-2-1415741,United States of America,Keshav Maharaj,4,0,24,1,6,7,0,1,0,0
T20I # 2708,South-Africa vs United-States-Of-America-41St-Match-Super-Eights-Group-2-1415741,United States of America,Anrich Nortje,4,0,37,1,9.25,10,2,3,1,0
T20I # 2708,South-Africa vs United-States-Of-America-41St-Match-Super-Eights-Group-2-1415741,United States of America,Tabraiz Shamsi,4,0,50,1,12.5,5,3,4,2,0
T20I # 2703,West-Indies vs Afghanistan-40Th-Match-Group-C-1415740,West Indies,Fazalhaq Farooqi,3,0,38,0,12.66,4,5,1,1,1
T20I # 2703,West-Indies vs Afghanistan-40Th-Match-Group-C-1415740,West Indies,Azmatullah Omarzai,2,0,41,1,20.5,5,4,3,1,1
T20I # 2703,West-Indies vs Afghanistan-40Th-Match-Group-C-1415740,West Indies,Rashid Khan,4,0,45,0,11.25,5,3,3,1,0
T20I # 2703,West-Indies vs Afghanistan-40Th-Match-Group-C-1415740,West Indies,Naveen-ul-Haq,4,0,41,1,10.25,10,4,2,2,0
T20I # 2703,West-Indies vs Afghanistan-40Th-Match-Group-C-1415740,West Indies,Noor Ahmad,4,0,20,0,5,6,0,0,0,0
T20I # 2703,West-Indies vs Afghanistan-40Th-Match-Group-C-1415740,West Indies,Mohammad Nabi,1,0,15,0,15,2,0,2,0,0
T20I # 2703,West-Indies vs Afghanistan-40Th-Match-Group-C-1415740,West Indies,Gulbadin Naib,2,0,14,2,7,4,0,1,0,0
T20I # 2703,West-Indies vs Afghanistan-40Th-Match-Group-C-1415740,Afghanistan,Akeal Hosein,4,1,21,2,5.25,14,3,0,1,0
T20I # 2703,West-Indies vs Afghanistan-40Th-Match-Group-C-1415740,Afghanistan,Andre Russell,2.2,0,17,1,7.28,6,1,1,0,0
T20I # 2703,West-Indies vs Afghanistan-40Th-Match-Group-C-1415740,Afghanistan,Alzarri Joseph,3,0,30,1,10,7,4,1,1,0
T20I # 2703,West-Indies vs Afghanistan-40Th-Match-Group-C-1415740,Afghanistan,Gudakesh Motie,4,0,28,2,7,12,1,2,0,0
T20I # 2703,West-Indies vs Afghanistan-40Th-Match-Group-C-1415740,Afghanistan,Obed McCoy,3,0,14,3,4.66,9,1,0,0,0
T20I # 2702,New-Zealand vs Papua-New-Guinea-39Th-Match-Group-C-1415739,Papua New Guinea,Trent Boult,4,0,14,2,3.5,16,2,0,0,0
T20I # 2702,New-Zealand vs Papua-New-Guinea-39Th-Match-Group-C-1415739,Papua New Guinea,Tim Southee,4,0,11,2,2.75,18,1,0,2,0
T20I # 2702,New-Zealand vs Papua-New-Guinea-39Th-Match-Group-C-1415739,Papua New Guinea,Lockie Ferguson,4,4,0,3,0,24,0,0,0,0
T20I # 2702,New-Zealand vs Papua-New-Guinea-39Th-Match-Group-C-1415739,Papua New Guinea,Ish Sodhi,3.4,0,29,2,7.9,9,3,1,1,0
T20I # 2702,New-Zealand vs Papua-New-Guinea-39Th-Match-Group-C-1415739,Papua New Guinea,Mitchell Santner,4,0,17,1,4.25,14,1,0,1,0
T20I # 2702,New-Zealand vs Papua-New-Guinea-39Th-Match-Group-C-1415739,New Zealand,Kabua Morea,2.2,0,4,2,1.71,11,0,0,0,0
T20I # 2702,New-Zealand vs Papua-New-Guinea-39Th-Match-Group-C-1415739,New Zealand,Alei Nao,3,0,22,0,7.33,9,1,2,0,0
T20I # 2702,New-Zealand vs Papua-New-Guinea-39Th-Match-Group-C-1415739,New Zealand,Assad Vala,1,0,4,0,4,2,0,0,0,0
T20I # 2702,New-Zealand vs Papua-New-Guinea-39Th-Match-Group-C-1415739,New Zealand,Charles Amini,1,0,5,0,5,1,0,0,0,0
T20I # 2702,New-Zealand vs Papua-New-Guinea-39Th-Match-Group-C-1415739,New Zealand,Semo Kamea,3,0,23,1,7.66,8,4,0,0,0
T20I # 2702,New-Zealand vs Papua-New-Guinea-39Th-Match-Group-C-1415739,New Zealand,Chad Soper,1,0,14,0,14,2,1,1,0,0
T20I # 2702,New-Zealand vs Papua-New-Guinea-39Th-Match-Group-C-1415739,New Zealand,Norman Vanua,1,0,6,0,6,3,1,0,0,0
T20I # 2699,Netherlands vs Sri-Lanka-38Th-Match-Group-D-1415738,Sri Lanka,Vivian Kingma,3,0,23,1,7.66,9,3,0,3,0
T20I # 2699,Netherlands vs Sri-Lanka-38Th-Match-Group-D-1415738,Sri Lanka,Aryan Dutt,3,0,23,1,7.66,5,1,1,1,0
T20I # 2699,Netherlands vs Sri-Lanka-38Th-Match-Group-D-1415738,Sri Lanka,Logan van Beek,4,0,45,2,11.25,8,1,4,2,0
T20I # 2699,Netherlands vs Sri-Lanka-38Th-Match-Group-D-1415738,Sri Lanka,Paul van Meekeren,3,0,37,1,12.33,4,3,2,2,0
T20I # 2699,Netherlands vs Sri-Lanka-38Th-Match-Group-D-1415738,Sri Lanka,Tim Pringle,4,0,41,1,10.25,3,3,2,0,0
T20I # 2699,Netherlands vs Sri-Lanka-38Th-Match-Group-D-1415738,Sri Lanka,Bas de Leede,3,0,32,0,10.66,5,1,2,0,0
T20I # 2699,Netherlands vs Sri-Lanka-38Th-Match-Group-D-1415738,Netherlands,Angelo Mathews,2,0,20,0,10,7,0,2,1,1
T20I # 2699,Netherlands vs Sri-Lanka-38Th-Match-Group-D-1415738,Netherlands,Nuwan Thushara,3.4,0,24,3,6.54,11,2,1,2,0
T20I # 2699,Netherlands vs Sri-Lanka-38Th-Match-Group-D-1415738,Netherlands,Maheesh Theekshana,3,0,25,1,8.33,7,1,2,1,0
T20I # 2699,Netherlands vs Sri-Lanka-38Th-Match-Group-D-1415738,Netherlands,Wanindu Hasaranga,4,0,25,2,6.25,10,1,1,0,0
T20I # 2699,Netherlands vs Sri-Lanka-38Th-Match-Group-D-1415738,Netherlands,Dasun Shanaka,1,0,10,1,10,1,1,0,0,0
T20I # 2699,Netherlands vs Sri-Lanka-38Th-Match-Group-D-1415738,Netherlands,Matheesha Pathirana,3,0,12,2,4,10,0,0,1,0
T20I # 2698,Bangladesh vs Nepal-37Th-Match-Group-D-1415737,Bangladesh,Sompal Kami,3,0,10,2,3.33,12,1,0,0,0
T20I # 2698,Bangladesh vs Nepal-37Th-Match-Group-D-1415737,Bangladesh,Dipendra Singh Airee,3.3,0,22,2,6.28,11,3,0,0,0
T20I # 2698,Bangladesh vs Nepal-37Th-Match-Group-D-1415737,Bangladesh,Rohit Paudel,4,0,20,2,5,11,2,0,0,0
T20I # 2698,Bangladesh vs Nepal-37Th-Match-Group-D-1415737,Bangladesh,Sandeep Lamichhane,4,1,17,2,4.25,15,2,0,1,0
T20I # 2698,Bangladesh vs Nepal-37Th-Match-Group-D-1415737,Bangladesh,Kushal Bhurtel,4,0,22,0,5.5,12,1,1,2,0
T20I # 2698,Bangladesh vs Nepal-37Th-Match-Group-D-1415737,Bangladesh,Abinash Bohara,1,0,10,0,10,3,1,0,2,0
T20I # 2698,Bangladesh vs Nepal-37Th-Match-Group-D-1415737,Nepal,Tanzim Hasan Sakib,4,2,7,4,1.75,21,1,0,1,0
T20I # 2698,Bangladesh vs Nepal-37Th-Match-Group-D-1415737,Nepal,Taskin Ahmed,4,0,29,1,7.25,13,4,1,1,0
T20I # 2698,Bangladesh vs Nepal-37Th-Match-Group-D-1415737,Nepal,Mustafizur Rahman,4,1,7,3,1.75,20,1,0,0,0
T20I # 2698,Bangladesh vs Nepal-37Th-Match-Group-D-1415737,Nepal,Rishad Hossain,3,0,15,0,5,13,1,0,1,0
T20I # 2698,Bangladesh vs Nepal-37Th-Match-Group-D-1415737,Nepal,Shakib Al Hasan,2.2,0,9,2,3.85,7,0,0,0,0
T20I # 2698,Bangladesh vs Nepal-37Th-Match-Group-D-1415737,Nepal,Mahmudullah,2,0,15,0,7.5,6,1,1,0,0
T20I # 2697,Ireland vs Pakistan-36Th-Match-Group-A-1415736,Ireland,Shaheen Shah Afridi,4,0,22,3,5.5,16,3,0,1,0
T20I # 2697,Ireland vs Pakistan-36Th-Match-Group-A-1415736,Ireland,Mohammad Amir,4,1,11,2,2.75,20,2,0,0,0
T20I # 2697,Ireland vs Pakistan-36Th-Match-Group-A-1415736,Ireland,Haris Rauf,4,0,17,1,4.25,16,1,1,0,0
T20I # 2697,Ireland vs Pakistan-36Th-Match-Group-A-1415736,Ireland,Abbas Afridi,3,0,31,0,10.33,5,1,2,2,0
T20I # 2697,Ireland vs Pakistan-36Th-Match-Group-A-1415736,Ireland,Shadab Khan,1,0,11,0,11,3,1,1,0,0
T20I # 2697,Ireland vs Pakistan-36Th-Match-Group-A-1415736,Ireland,Imad Wasim,4,0,8,3,2,17,0,0,0,0
T20I # 2697,Ireland vs Pakistan-36Th-Match-Group-A-1415736,Pakistan,Mark Adair,4,0,24,1,6,14,1,1,1,0
T20I # 2697,Ireland vs Pakistan-36Th-Match-Group-A-1415736,Pakistan,Josh Little,3,0,17,0,5.66,11,3,0,0,0
T20I # 2697,Ireland vs Pakistan-36Th-Match-Group-A-1415736,Pakistan,Barry McCarthy,4,1,15,3,3.75,15,1,0,1,0
T20I # 2697,Ireland vs Pakistan-36Th-Match-Group-A-1415736,Pakistan,Ben White,2,0,11,1,5.5,5,1,0,0,0
T20I # 2697,Ireland vs Pakistan-36Th-Match-Group-A-1415736,Pakistan,Curtis Campher,4,0,24,2,6,12,2,1,0,0
T20I # 2697,Ireland vs Pakistan-36Th-Match-Group-A-1415736,Pakistan,Gareth Delany,1.5,0,19,0,10.36,3,0,2,1,0
T20I # 2689,Australia vs Scotland-35Th-Match-Group-B-1415735,Scotland,Ashton Agar,4,0,39,1,9.75,6,0,3,1,0
T20I # 2689,Australia vs Scotland-35Th-Match-Group-B-1415735,Scotland,Mitchell Starc,4,0,31,0,7.75,10,1,2,1,0
T20I # 2689,Australia vs Scotland-35Th-Match-Group-B-1415735,Scotland,Nathan Ellis,4,0,34,1,8.5,7,2,1,3,0
T20I # 2689,Australia vs Scotland-35Th-Match-Group-B-1415735,Scotland,Glenn Maxwell,4,0,44,2,11,8,2,4,1,0
T20I # 2689,Australia vs Scotland-35Th-Match-Group-B-1415735,Scotland,Adam Zampa,4,0,30,1,7.5,8,1,2,0,0
T20I # 2689,Australia vs Scotland-35Th-Match-Group-B-1415735,Australia,Michael Leask,4,0,39,0,9.75,8,2,3,0,0
T20I # 2689,Australia vs Scotland-35Th-Match-Group-B-1415735,Australia,Brad Wheal,3.4,1,28,1,7.63,12,4,1,0,0
T20I # 2689,Australia vs Scotland-35Th-Match-Group-B-1415735,Australia,Mark Watt,4,0,34,2,8.5,10,6,0,1,0
T20I # 2689,Australia vs Scotland-35Th-Match-Group-B-1415735,Australia,Chris Sole,3,0,33,0,11,4,3,1,1,0
T20I # 2689,Australia vs Scotland-35Th-Match-Group-B-1415735,Australia,Safyaan Sharif,4,0,42,2,10.5,8,2,3,3,0
T20I # 2689,Australia vs Scotland-35Th-Match-Group-B-1415735,Australia,Chris Greaves,1,0,4,0,4,2,0,0,0,0
T20I # 2688,England vs Namibia-34Th-Match-Group-B-1415734,England,David Wiese,2,0,6,1,3,9,1,0,0,0
T20I # 2688,England vs Namibia-34Th-Match-Group-B-1415734,England,Ruben Trumpelmann,2,0,31,2,15.5,3,2,3,1,0
T20I # 2688,England vs Namibia-34Th-Match-Group-B-1415734,England,Bernard Scholtz,2,0,24,1,12,4,1,2,0,0
T20I # 2688,England vs Namibia-34Th-Match-Group-B-1415734,England,Gerhard Erasmus,2,0,26,0,13,2,2,1,0,0
T20I # 2688,England vs Namibia-34Th-Match-Group-B-1415734,England,Jack Brassell,2,0,32,0,16,2,3,2,0,0
T20I # 2688,England vs Namibia-34Th-Match-Group-B-1415734,Namibia,Reece Topley,2,0,6,0,3,8,0,0,0,1
T20I # 2688,England vs Namibia-34Th-Match-Group-B-1415734,Namibia,Jofra Archer,2,0,15,1,7.5,7,1,1,1,0
T20I # 2688,England vs Namibia-34Th-Match-Group-B-1415734,Namibia,Sam Curran,2,0,13,0,6.5,5,2,0,0,0
T20I # 2688,England vs Namibia-34Th-Match-Group-B-1415734,Namibia,Chris Jordan,2,0,19,1,9.5,4,0,2,0,0
T20I # 2688,England vs Namibia-34Th-Match-Group-B-1415734,Namibia,Adil Rashid,2,0,29,0,14.5,3,1,3,1,0
T20I # 2682,New-Zealand vs Uganda-32Nd-Match-Group-C-1415732,Uganda,Trent Boult,4,1,7,2,1.75,20,1,0,0,0
T20I # 2682,New-Zealand vs Uganda-32Nd-Match-Group-C-1415732,Uganda,Tim Southee,4,1,4,3,1,20,0,0,0,0
T20I # 2682,New-Zealand vs Uganda-32Nd-Match-Group-C-1415732,Uganda,Mitchell Santner,3.4,0,8,2,2.18,17,0,0,3,0
T20I # 2682,New-Zealand vs Uganda-32Nd-Match-Group-C-1415732,Uganda,Lockie Ferguson,4,0,9,1,2.25,20,1,0,2,0
T20I # 2682,New-Zealand vs Uganda-32Nd-Match-Group-C-1415732,Uganda,Rachin Ravindra,3,1,9,2,3,12,1,0,0,0
T20I # 2682,New-Zealand vs Uganda-32Nd-Match-Group-C-1415732,New Zealand,Cosmas Kyewuta,2,0,13,0,6.5,6,1,0,2,1
T20I # 2682,New-Zealand vs Uganda-32Nd-Match-Group-C-1415732,New Zealand,Juma Miyagi,2.2,0,16,0,6.85,7,3,0,0,0
T20I # 2682,New-Zealand vs Uganda-32Nd-Match-Group-C-1415732,New Zealand,Riazat Ali Shah,1,0,10,1,10,3,1,0,4,0
T20I # 2681,Nepal vs South-Africa-31St-Match-Group-D-1415731,South Africa,Sompal Kami,2,1,6,0,3,10,1,0,1,0
T20I # 2681,Nepal vs South-Africa-31St-Match-Group-D-1415731,South Africa,Dipendra Singh Airee,4,0,21,3,5.25,9,1,0,1,0
T20I # 2681,Nepal vs South-Africa-31St-Match-Group-D-1415731,South Africa,Karan KC,1,0,9,0,9,3,2,0,0,0
T20I # 2681,Nepal vs South-Africa-31St-Match-Group-D-1415731,South Africa,Kushal Malla,2,0,17,0,8.5,6,2,1,0,0
T20I # 2681,Nepal vs South-Africa-31St-Match-Group-D-1415731,South Africa,Sandeep Lamichhane,4,0,18,0,4.5,11,1,0,0,0
T20I # 2681,Nepal vs South-Africa-31St-Match-Group-D-1415731,South Africa,Kushal Bhurtel,4,0,19,4,4.75,12,0,1,1,0
T20I # 2681,Nepal vs South-Africa-31St-Match-Group-D-1415731,South Africa,Abinash Bohara,3,0,19,0,6.33,8,3,0,0,0
T20I # 2681,Nepal vs South-Africa-31St-Match-Group-D-1415731,Nepal,Marco Jansen,4,0,16,0,4,16,1,1,0,0
T20I # 2681,Nepal vs South-Africa-31St-Match-Group-D-1415731,Nepal,Kagiso Rabada,2,0,17,0,8.5,6,2,1,0,0
T20I # 2681,Nepal vs South-Africa-31St-Match-Group-D-1415731,Nepal,Ottneil Baartman,4,0,20,0,5,15,3,0,0,0
T20I # 2681,Nepal vs South-Africa-31St-Match-Group-D-1415731,Nepal,Anrich Nortje,4,0,27,1,6.75,15,3,1,3,0
T20I # 2681,Nepal vs South-Africa-31St-Match-Group-D-1415731,Nepal,Tabraiz Shamsi,4,0,19,4,4.75,12,0,1,1,0
T20I # 2681,Nepal vs South-Africa-31St-Match-Group-D-1415731,Nepal,Aiden Markram,2,0,8,1,4,4,0,0,0,0
T20I # 2679,Afghanistan vs Papua-New-Guinea-29Th-Match-Group-C-1415729,Papua New Guinea,Fazalhaq Farooqi,4,0,16,3,4,17,1,0,1,0
T20I # 2679,Afghanistan vs Papua-New-Guinea-29Th-Match-Group-C-1415729,Papua New Guinea,Mohammad Nabi,1,0,9,0,9,1,1,0,0,0
T20I # 2679,Afghanistan vs Papua-New-Guinea-29Th-Match-Group-C-1415729,Papua New Guinea,Naveen-ul-Haq,2.5,0,4,2,1.41,14,0,0,1,0
T20I # 2679,Afghanistan vs Papua-New-Guinea-29Th-Match-Group-C-1415729,Papua New Guinea,Rashid Khan,4,0,25,0,6.25,10,1,0,1,0
T20I # 2679,Afghanistan vs Papua-New-Guinea-29Th-Match-Group-C-1415729,Papua New Guinea,Noor Ahmad,4,0,14,1,3.5,15,1,0,1,0
T20I # 2679,Afghanistan vs Papua-New-Guinea-29Th-Match-Group-C-1415729,Papua New Guinea,Azmatullah Omarzai,2,1,5,0,2.5,10,1,0,0,0
T20I # 2679,Afghanistan vs Papua-New-Guinea-29Th-Match-Group-C-1415729,Papua New Guinea,Karim Janat,2,0,10,0,5,7,1,0,1,0
T20I # 2679,Afghanistan vs Papua-New-Guinea-29Th-Match-Group-C-1415729,Afghanistan,Alei Nao,4,0,26,1,6.5,14,0,2,3,0
T20I # 2679,Afghanistan vs Papua-New-Guinea-29Th-Match-Group-C-1415729,Afghanistan,Semo Kamea,3,0,16,1,5.33,10,2,0,2,0
T20I # 2679,Afghanistan vs Papua-New-Guinea-29Th-Match-Group-C-1415729,Afghanistan,Chad Soper,2.1,0,19,0,8.76,5,1,1,0,0
T20I # 2679,Afghanistan vs Papua-New-Guinea-29Th-Match-Group-C-1415729,Afghanistan,Norman Vanua,3,0,18,1,6,7,2,0,0,0
T20I # 2679,Afghanistan vs Papua-New-Guinea-29Th-Match-Group-C-1415729,Afghanistan,John Kariko,3,0,15,0,5,9,2,0,0,0
T20I # 2678,England vs Oman-28Th-Match-Group-B-1415728,Oman,Reece Topley,3,0,12,0,4,11,0,1,0,0
T20I # 2678,England vs Oman-28Th-Match-Group-B-1415728,Oman,Jofra Archer,3.2,1,12,3,3.6,15,2,0,1,0
T20I # 2678,England vs Oman-28Th-Match-Group-B-1415728,Oman,Mark Wood,3,0,12,3,4,10,1,0,0,0
T20I # 2678,England vs Oman-28Th-Match-Group-B-1415728,Oman,Adil Rashid,4,0,11,4,2.75,20,1,0,3,0
T20I # 2678,England vs Oman-28Th-Match-Group-B-1415728,England,Bilal Khan,2,0,36,1,18,3,4,3,0,0
T20I # 2678,England vs Oman-28Th-Match-Group-B-1415728,England,Kaleemullah,1,0,10,1,10,4,2,0,0,1
T20I # 2678,England vs Oman-28Th-Match-Group-B-1415728,England,Fayyaz Butt,0.1,0,4,0,24,0,1,0,0,0
T20I # 2677,Bangladesh vs Netherlands-27Th-Match-Group-D-1415727,Bangladesh,Vivian Kingma,2,0,20,0,10,6,2,1,1,0
T20I # 2677,Bangladesh vs Netherlands-27Th-Match-Group-D-1415727,Bangladesh,Aryan Dutt,4,0,17,2,4.25,12,1,0,1,0
T20I # 2677,Bangladesh vs Netherlands-27Th-Match-Group-D-1415727,Bangladesh,Paul van Meekeren,4,0,15,2,3.75,13,1,0,0,0
T20I # 2677,Bangladesh vs Netherlands-27Th-Match-Group-D-1415727,Bangladesh,Logan van Beek,4,0,43,0,10.75,9,7,1,1,0
T20I # 2677,Bangladesh vs Netherlands-27Th-Match-Group-D-1415727,Bangladesh,Bas de Leede,3,0,31,0,10.33,5,5,0,0,0
T20I # 2677,Bangladesh vs Netherlands-27Th-Match-Group-D-1415727,Bangladesh,Tim Pringle,3,0,26,1,8.66,6,3,1,0,0
T20I # 2677,Bangladesh vs Netherlands-27Th-Match-Group-D-1415727,Netherlands,Mustafizur Rahman,4,0,12,1,3,17,1,0,1,0
T20I # 2677,Bangladesh vs Netherlands-27Th-Match-Group-D-1415727,Netherlands,Tanzim Hasan Sakib,3,0,23,1,7.66,9,4,0,0,0
T20I # 2677,Bangladesh vs Netherlands-27Th-Match-Group-D-1415727,Netherlands,Taskin Ahmed,4,0,30,2,7.5,13,3,2,0,0
T20I # 2677,Bangladesh vs Netherlands-27Th-Match-Group-D-1415727,Netherlands,Shakib Al Hasan,4,0,29,0,7.25,10,1,2,0,0
T20I # 2677,Bangladesh vs Netherlands-27Th-Match-Group-D-1415727,Netherlands,Rishad Hossain,4,0,33,3,8.25,11,2,2,0,0
T20I # 2677,Bangladesh vs Netherlands-27Th-Match-Group-D-1415727,Netherlands,Mahmudullah,1,0,6,1,6,3,1,0,0,0
T20I # 2672,West-Indies vs New-Zealand-26Th-Match-Group-C-1415726,West Indies,Trent Boult,4,1,16,3,4,15,2,0,0,0
T20I # 2672,West-Indies vs New-Zealand-26Th-Match-Group-C-1415726,West Indies,Tim Southee,4,0,21,2,5.25,14,2,1,0,0
T20I # 2672,West-Indies vs New-Zealand-26Th-Match-Group-C-1415726,West Indies,Lockie Ferguson,4,0,27,2,6.75,11,2,1,2,0
T20I # 2672,West-Indies vs New-Zealand-26Th-Match-Group-C-1415726,West Indies,James Neesham,4,0,27,1,6.75,9,0,2,1,0
T20I # 2672,West-Indies vs New-Zealand-26Th-Match-Group-C-1415726,West Indies,Glenn Phillips,1,0,9,0,9,2,0,1,0,0
T20I # 2672,West-Indies vs New-Zealand-26Th-Match-Group-C-1415726,West Indies,Mitchell Santner,2,0,27,1,13.5,4,2,2,0,0
T20I # 2672,West-Indies vs New-Zealand-26Th-Match-Group-C-1415726,West Indies,Daryl Mitchell,1,0,19,0,19,2,0,3,0,0
T20I # 2672,West-Indies vs New-Zealand-26Th-Match-Group-C-1415726,New Zealand,Akeal Hosein,4,0,21,1,5.25,11,1,1,0,0
T20I # 2672,West-Indies vs New-Zealand-26Th-Match-Group-C-1415726,New Zealand,Romario Shepherd,3,0,36,0,12,7,1,4,2,0
T20I # 2672,West-Indies vs New-Zealand-26Th-Match-Group-C-1415726,New Zealand,Andre Russell,4,0,30,1,7.5,11,2,2,0,0
T20I # 2672,West-Indies vs New-Zealand-26Th-Match-Group-C-1415726,New Zealand,Alzarri Joseph,4,0,19,4,4.75,13,2,0,0,0
T20I # 2672,West-Indies vs New-Zealand-26Th-Match-Group-C-1415726,New Zealand,Gudakesh Motie,4,0,25,3,6.25,11,1,1,0,0
T20I # 2672,West-Indies vs New-Zealand-26Th-Match-Group-C-1415726,New Zealand,Roston Chase,1,0,4,0,4,3,0,0,1,0
T20I # 2671,United-States-Of-America vs India-25Th-Match-Group-A-1415725,United States of America,Arshdeep Singh,4,0,9,4,2.25,17,0,0,1,0
T20I # 2671,United-States-Of-America vs India-25Th-Match-Group-A-1415725,United States of America,Mohammed Siraj,4,0,25,0,6.25,11,1,1,0,0
T20I # 2671,United-States-Of-America vs India-25Th-Match-Group-A-1415725,United States of America,Jasprit Bumrah,4,0,25,0,6.25,14,1,1,1,0
T20I # 2671,United-States-Of-America vs India-25Th-Match-Group-A-1415725,United States of America,Hardik Pandya,4,1,14,2,3.5,19,1,1,0,0
T20I # 2671,United-States-Of-America vs India-25Th-Match-Group-A-1415725,United States of America,Shivam Dube,1,0,11,0,11,3,1,1,0,0
T20I # 2671,United-States-Of-America vs India-25Th-Match-Group-A-1415725,United States of America,Axar Patel,3,0,25,1,8.33,5,0,2,1,0
T20I # 2671,United-States-Of-America vs India-25Th-Match-Group-A-1415725,India,Saurabh Netravalkar,4,0,18,2,4.5,13,0,1,0,0
T20I # 2671,United-States-Of-America vs India-25Th-Match-Group-A-1415725,India,Ali Khan,3.2,0,21,1,6.3,8,2,0,1,0
T20I # 2671,United-States-Of-America vs India-25Th-Match-Group-A-1415725,India,Jasdeep Singh,4,0,24,0,6,11,1,1,0,1
T20I # 2671,United-States-Of-America vs India-25Th-Match-Group-A-1415725,India,Shadley van Schalkwyk,4,0,25,0,6.25,8,1,1,0,0
T20I # 2671,United-States-Of-America vs India-25Th-Match-Group-A-1415725,India,Corey Anderson,3,0,17,0,5.66,8,0,1,1,0
T20I # 2666,Australia vs Namibia-24Th-Match-Group-B-1415724,Namibia,Josh Hazlewood,4,0,18,2,4.5,16,2,0,1,0
T20I # 2666,Australia vs Namibia-24Th-Match-Group-B-1415724,Namibia,Marcus Stoinis,3,0,9,2,3,14,1,0,2,0
T20I # 2666,Australia vs Namibia-24Th-Match-Group-B-1415724,Namibia,Pat Cummins,3,1,16,1,5.33,11,1,1,0,0
T20I # 2666,Australia vs Namibia-24Th-Match-Group-B-1415724,Namibia,Adam Zampa,4,0,12,4,3,17,0,1,0,0
T20I # 2666,Australia vs Namibia-24Th-Match-Group-B-1415724,Namibia,Nathan Ellis,3,1,12,1,4,13,2,0,0,0
T20I # 2666,Australia vs Namibia-24Th-Match-Group-B-1415724,Australia,Ruben Trumpelmann,2,0,19,0,9.5,5,4,0,0,0
T20I # 2666,Australia vs Namibia-24Th-Match-Group-B-1415724,Australia,David Wiese,1,0,15,1,15,3,2,1,1,0
T20I # 2666,Australia vs Namibia-24Th-Match-Group-B-1415724,Australia,Ben Shikongo,1,0,19,0,19,1,3,1,0,0
T20I # 2666,Australia vs Namibia-24Th-Match-Group-B-1415724,Australia,Gerhard Erasmus,1,0,6,0,6,5,0,1,0,0
T20I # 2666,Australia vs Namibia-24Th-Match-Group-B-1415724,Australia,Jack Brassell,0.4,0,14,0,21,1,2,1,0,0
T20I # 2665,Canada vs Pakistan-22Nd-Match-Group-A-1415722,Canada,Shaheen Shah Afridi,4,0,21,1,5.25,16,2,1,1,0
T20I # 2665,Canada vs Pakistan-22Nd-Match-Group-A-1415722,Canada,Naseem Shah,4,0,24,1,6,13,2,1,1,0
T20I # 2665,Canada vs Pakistan-22Nd-Match-Group-A-1415722,Canada,Mohammad Amir,4,0,13,2,3.25,17,2,0,0,0
T20I # 2665,Canada vs Pakistan-22Nd-Match-Group-A-1415722,Canada,Haris Rauf,4,0,26,2,6.5,14,1,1,3,0
T20I # 2665,Canada vs Pakistan-22Nd-Match-Group-A-1415722,Canada,Imad Wasim,4,0,19,0,4.75,16,0,2,1,0
T20I # 2665,Canada vs Pakistan-22Nd-Match-Group-A-1415722,Pakistan,Kaleem Sana,3,0,21,0,7,8,1,0,1,0
T20I # 2665,Canada vs Pakistan-22Nd-Match-Group-A-1415722,Pakistan,Jeremy Gordon,3.3,0,17,1,4.85,11,1,0,1,0
T20I # 2665,Canada vs Pakistan-22Nd-Match-Group-A-1415722,Pakistan,Dilon Heyliger,4,0,18,2,4.5,10,0,0,1,0
T20I # 2665,Canada vs Pakistan-22Nd-Match-Group-A-1415722,Pakistan,Saad Bin Zafar,4,0,23,0,5.75,7,1,0,1,0
T20I # 2665,Canada vs Pakistan-22Nd-Match-Group-A-1415722,Pakistan,Junaid Siddiqui,3,0,28,0,9.33,3,0,2,1,0
T20I # 2664,Bangladesh vs South-Africa-21St-Match-Group-D-1415721,South Africa,Tanzim Hasan Sakib,4,0,18,3,4.5,17,1,1,2,0
T20I # 2664,Bangladesh vs South-Africa-21St-Match-Group-D-1415721,South Africa,Taskin Ahmed,4,0,19,2,4.75,14,1,1,0,0
T20I # 2664,Bangladesh vs South-Africa-21St-Match-Group-D-1415721,South Africa,Mustafizur Rahman,4,0,18,0,4.5,16,1,1,1,0
T20I # 2664,Bangladesh vs South-Africa-21St-Match-Group-D-1415721,South Africa,Rishad Hossain,4,0,32,1,8,10,2,2,0,0
T20I # 2664,Bangladesh vs South-Africa-21St-Match-Group-D-1415721,South Africa,Shakib Al Hasan,1,0,6,0,6,1,0,0,0,0
T20I # 2664,Bangladesh vs South-Africa-21St-Match-Group-D-1415721,South Africa,Mahmudullah,3,0,17,0,5.66,8,0,1,0,0
T20I # 2664,Bangladesh vs South-Africa-21St-Match-Group-D-1415721,Bangladesh,Marco Jansen,4,0,17,0,4.25,17,2,0,2,0
T20I # 2664,Bangladesh vs South-Africa-21St-Match-Group-D-1415721,Bangladesh,Kagiso Rabada,4,0,19,2,4.75,12,2,0,0,0
T20I # 2664,Bangladesh vs South-Africa-21St-Match-Group-D-1415721,Bangladesh,Ottneil Baartman,4,0,27,0,6.75,11,2,1,0,0
T20I # 2664,Bangladesh vs South-Africa-21St-Match-Group-D-1415721,Bangladesh,Keshav Maharaj,4,0,27,3,6.75,12,0,2,2,0
T20I # 2664,Bangladesh vs South-Africa-21St-Match-Group-D-1415721,Bangladesh,Anrich Nortje,4,0,17,2,4.25,14,1,0,1,1
T20I # 2659,Oman vs Scotland-20Th-Match-Group-B-1415720,Oman,Mark Watt,4,0,25,1,6.25,8,2,0,2,0
T20I # 2659,Oman vs Scotland-20Th-Match-Group-B-1415720,Oman,Brad Wheal,4,0,19,1,4.75,12,2,0,0,0
T20I # 2659,Oman vs Scotland-20Th-Match-Group-B-1415720,Oman,Chris Sole,4,0,41,1,10.25,7,2,3,0,0
T20I # 2659,Oman vs Scotland-20Th-Match-Group-B-1415720,Oman,Safyaan Sharif,4,0,40,2,10,6,6,0,0,0
T20I # 2659,Oman vs Scotland-20Th-Match-Group-B-1415720,Oman,Michael Leask,3,0,21,0,7,8,1,1,1,0
T20I # 2659,Oman vs Scotland-20Th-Match-Group-B-1415720,Oman,Chris Greaves,1,0,2,1,2,4,0,0,0,0
T20I # 2659,Oman vs Scotland-20Th-Match-Group-B-1415720,Scotland,Bilal Khan,2.1,0,12,1,5.53,8,2,0,0,0
T20I # 2659,Oman vs Scotland-20Th-Match-Group-B-1415720,Scotland,Shakeel Ahmed,2,0,23,0,11.5,5,2,2,0,0
T20I # 2659,Oman vs Scotland-20Th-Match-Group-B-1415720,Scotland,Kaleemullah,2,0,17,0,8.5,6,2,1,0,0
T20I # 2659,Oman vs Scotland-20Th-Match-Group-B-1415720,Scotland,Aqib Ilyas,3,0,41,1,13.66,6,4,3,0,0
T20I # 2659,Oman vs Scotland-20Th-Match-Group-B-1415720,Scotland,Mehran Khan,1,0,16,1,16,3,1,1,1,0
T20I # 2659,Oman vs Scotland-20Th-Match-Group-B-1415720,Scotland,Zeeshan Maqsood,2,0,22,0,11,4,2,1,0,0
T20I # 2659,Oman vs Scotland-20Th-Match-Group-B-1415720,Scotland,Ayaan Khan,1,0,20,0,20,1,0,3,0,0
T20I # 2658,India vs Pakistan-19Th-Match-Group-A-1415719,India,Shaheen Shah Afridi,4,0,29,1,7.25,14,1,2,1,0
T20I # 2658,India vs Pakistan-19Th-Match-Group-A-1415719,India,Naseem Shah,4,0,21,3,5.25,15,3,0,1,1
T20I # 2658,India vs Pakistan-19Th-Match-Group-A-1415719,India,Mohammad Amir,4,0,23,2,5.75,15,3,0,0,0
T20I # 2658,India vs Pakistan-19Th-Match-Group-A-1415719,India,Iftikhar Ahmed,1,0,7,0,7,3,1,0,1,0
T20I # 2658,India vs Pakistan-19Th-Match-Group-A-1415719,India,Imad Wasim,3,0,17,0,5.66,6,1,0,1,0
T20I # 2658,India vs Pakistan-19Th-Match-Group-A-1415719,India,Haris Rauf,3,0,21,3,7,10,4,0,0,0
T20I # 2658,India vs Pakistan-19Th-Match-Group-A-1415719,Pakistan,Arshdeep Singh,4,0,31,1,7.75,11,4,0,1,0
T20I # 2658,India vs Pakistan-19Th-Match-Group-A-1415719,Pakistan,Mohammed Siraj,4,0,19,0,4.75,11,1,0,1,1
T20I # 2658,India vs Pakistan-19Th-Match-Group-A-1415719,Pakistan,Jasprit Bumrah,4,0,14,3,3.5,15,1,0,0,0
T20I # 2658,India vs Pakistan-19Th-Match-Group-A-1415719,Pakistan,Hardik Pandya,4,0,24,2,6,11,1,1,1,0
T20I # 2658,India vs Pakistan-19Th-Match-Group-A-1415719,Pakistan,Ravindra Jadeja,2,0,10,0,5,5,1,0,0,0
T20I # 2658,India vs Pakistan-19Th-Match-Group-A-1415719,Pakistan,Axar Patel,2,0,11,1,5.5,6,0,1,0,0
T20I # 2651,West-Indies vs Uganda-18Th-Match-Group-C-1415718,West Indies,Alpesh Ramjani,3,0,16,1,5.33,11,1,1,0,0
T20I # 2651,West-Indies vs Uganda-18Th-Match-Group-C-1415718,West Indies,Cosmas Kyewuta,4,0,42,1,10.5,15,7,1,2,1
T20I # 2651,West-Indies vs Uganda-18Th-Match-Group-C-1415718,West Indies,Juma Miyagi,3,0,29,0,9.66,6,3,1,0,1
T20I # 2651,West-Indies vs Uganda-18Th-Match-Group-C-1415718,West Indies,Frank Nsubuga,3,0,29,0,9.66,4,1,2,0,1
T20I # 2651,West-Indies vs Uganda-18Th-Match-Group-C-1415718,West Indies,Brian Masaba,4,0,31,2,7.75,10,1,2,2,0
T20I # 2651,West-Indies vs Uganda-18Th-Match-Group-C-1415718,West Indies,Dinesh Nakrani,3,0,20,1,6.66,5,2,0,0,0
T20I # 2651,West-Indies vs Uganda-18Th-Match-Group-C-1415718,Uganda,Akeal Hosein,4,0,11,5,2.75,19,2,0,0,0
T20I # 2651,West-Indies vs Uganda-18Th-Match-Group-C-1415718,Uganda,Romario Shepherd,2,0,9,1,4.5,6,1,0,0,0
T20I # 2651,West-Indies vs Uganda-18Th-Match-Group-C-1415718,Uganda,Andre Russell,1,0,4,1,4,4,0,0,1,0
T20I # 2651,West-Indies vs Uganda-18Th-Match-Group-C-1415718,Uganda,Alzarri Joseph,3,0,6,2,2,14,0,0,1,0
T20I # 2651,West-Indies vs Uganda-18Th-Match-Group-C-1415718,Uganda,Gudakesh Motie,2,0,6,1,3,8,0,0,0,0
T20I # 2650,Australia vs England-17Th-Match-Group-B-1415717,Australia,Moeen Ali,2,0,18,1,9,6,2,1,0,0
T20I # 2650,Australia vs England-17Th-Match-Group-B-1415717,Australia,Will Jacks,1,0,22,0,22,1,0,3,0,0
T20I # 2650,Australia vs England-17Th-Match-Group-B-1415717,Australia,Jofra Archer,4,0,28,1,7,11,2,1,1,0
T20I # 2650,Australia vs England-17Th-Match-Group-B-1415717,Australia,Mark Wood,3,0,32,0,10.66,9,2,3,0,0
T20I # 2650,Australia vs England-17Th-Match-Group-B-1415717,Australia,Adil Rashid,4,0,41,1,10.25,7,4,2,1,0
T20I # 2650,Australia vs England-17Th-Match-Group-B-1415717,Australia,Chris Jordan,4,0,44,2,11,6,4,2,4,0
T20I # 2650,Australia vs England-17Th-Match-Group-B-1415717,Australia,Liam Livingstone,2,0,15,1,7.5,2,0,1,0,0
T20I # 2650,Australia vs England-17Th-Match-Group-B-1415717,England,Mitchell Starc,3,0,37,0,12.33,7,3,3,2,0
T20I # 2650,Australia vs England-17Th-Match-Group-B-1415717,England,Josh Hazlewood,4,0,28,1,7,10,4,0,0,0
T20I # 2650,Australia vs England-17Th-Match-Group-B-1415717,England,Pat Cummins,4,0,23,2,5.75,10,2,0,1,0
T20I # 2650,Australia vs England-17Th-Match-Group-B-1415717,England,Marcus Stoinis,3,0,24,1,8,6,3,0,2,0
T20I # 2650,Australia vs England-17Th-Match-Group-B-1415717,England,Adam Zampa,4,0,28,2,7,9,0,2,0,0
T20I # 2650,Australia vs England-17Th-Match-Group-B-1415717,England,Glenn Maxwell,2,0,22,0,11,5,0,3,0,0
T20I # 2649,Netherlands vs South-Africa-16Th-Match-Group-D-1415716,Netherlands,Marco Jansen,4,0,20,2,5,15,2,0,1,1
T20I # 2649,Netherlands vs South-Africa-16Th-Match-Group-D-1415716,Netherlands,Kagiso Rabada,4,0,27,0,6.75,12,2,1,1,0
T20I # 2649,Netherlands vs South-Africa-16Th-Match-Group-D-1415716,Netherlands,Ottneil Baartman,4,0,11,4,2.75,17,1,0,1,0
T20I # 2649,Netherlands vs South-Africa-16Th-Match-Group-D-1415716,Netherlands,Anrich Nortje,4,0,19,2,4.75,14,0,1,1,1
T20I # 2649,Netherlands vs South-Africa-16Th-Match-Group-D-1415716,Netherlands,Keshav Maharaj,4,0,24,0,6,6,1,0,1,0
T20I # 2649,Netherlands vs South-Africa-16Th-Match-Group-D-1415716,South Africa,Vivian Kingma,4,1,12,2,3,18,0,0,1,0
T20I # 2649,Netherlands vs South-Africa-16Th-Match-Group-D-1415716,South Africa,Logan van Beek,4,1,21,2,5.25,13,1,1,0,0
T20I # 2649,Netherlands vs South-Africa-16Th-Match-Group-D-1415716,South Africa,Paul van Meekeren,4,1,13,0,3.25,17,1,0,1,0
T20I # 2649,Netherlands vs South-Africa-16Th-Match-Group-D-1415716,South Africa,Bas de Leede,3.5,0,34,1,8.86,12,2,2,0,1
T20I # 2649,Netherlands vs South-Africa-16Th-Match-Group-D-1415716,South Africa,Tim Pringle,2,0,14,0,7,4,0,1,0,0
T20I # 2649,Netherlands vs South-Africa-16Th-Match-Group-D-1415716,South Africa,Vikramjit Singh,1,0,11,0,11,0,0,1,0,0
T20I # 2646,Bangladesh vs Sri-Lanka-15Th-Match-Group-D-1415715,Sri Lanka,Tanzim Hasan Sakib,4,0,24,1,6,14,2,1,0,0
T20I # 2646,Bangladesh vs Sri-Lanka-15Th-Match-Group-D-1415715,Sri Lanka,Shakib Al Hasan,3,0,30,0,10,5,4,0,0,0
T20I # 2646,Bangladesh vs Sri-Lanka-15Th-Match-Group-D-1415715,Sri Lanka,Taskin Ahmed,4,0,25,2,6.25,12,3,0,1,0
T20I # 2646,Bangladesh vs Sri-Lanka-15Th-Match-Group-D-1415715,Sri Lanka,Mustafizur Rahman,4,0,17,3,4.25,14,2,0,1,0
T20I # 2646,Bangladesh vs Sri-Lanka-15Th-Match-Group-D-1415715,Sri Lanka,Rishad Hossain,4,0,22,3,5.5,10,1,1,0,0
T20I # 2646,Bangladesh vs Sri-Lanka-15Th-Match-Group-D-1415715,Sri Lanka,Mahmudullah,1,0,4,0,4,2,0,0,0,0
T20I # 2646,Bangladesh vs Sri-Lanka-15Th-Match-Group-D-1415715,Bangladesh,Dhananjaya de Silva,2,0,11,1,5.5,3,0,0,1,0
T20I # 2646,Bangladesh vs Sri-Lanka-15Th-Match-Group-D-1415715,Bangladesh,Nuwan Thushara,4,0,18,4,4.5,14,1,0,5,0
T20I # 2646,Bangladesh vs Sri-Lanka-15Th-Match-Group-D-1415715,Bangladesh,Maheesh Theekshana,4,0,25,0,6.25,8,1,0,3,0
T20I # 2646,Bangladesh vs Sri-Lanka-15Th-Match-Group-D-1415715,Bangladesh,Wanindu Hasaranga,4,0,32,2,8,12,0,4,0,0
T20I # 2646,Bangladesh vs Sri-Lanka-15Th-Match-Group-D-1415715,Bangladesh,Matheesha Pathirana,4,0,27,1,6.75,11,1,1,2,0
T20I # 2646,Bangladesh vs Sri-Lanka-15Th-Match-Group-D-1415715,Bangladesh,Dasun Shanaka,1,0,11,0,11,2,0,1,1,0
T20I # 2645,Afghanistan vs New-Zealand-14Th-Match-Group-C-1415714,Afghanistan,Trent Boult,4,0,22,2,5.5,12,1,1,0,0
T20I # 2645,Afghanistan vs New-Zealand-14Th-Match-Group-C-1415714,Afghanistan,Matt Henry,4,0,37,2,9.25,10,3,2,0,0
T20I # 2645,Afghanistan vs New-Zealand-14Th-Match-Group-C-1415714,Afghanistan,Mitchell Santner,4,0,24,0,6,11,3,0,0,0
T20I # 2645,Afghanistan vs New-Zealand-14Th-Match-Group-C-1415714,Afghanistan,Michael Bracewell,3,0,27,0,9,6,0,3,0,0
T20I # 2645,Afghanistan vs New-Zealand-14Th-Match-Group-C-1415714,Afghanistan,Lockie Ferguson,4,0,28,1,7,12,3,1,0,0
T20I # 2645,Afghanistan vs New-Zealand-14Th-Match-Group-C-1415714,Afghanistan,Daryl Mitchell,1,0,16,0,16,0,0,2,0,0
T20I # 2645,Afghanistan vs New-Zealand-14Th-Match-Group-C-1415714,New Zealand,Fazalhaq Farooqi,3.2,0,17,4,5.1,15,2,0,3,0
T20I # 2645,Afghanistan vs New-Zealand-14Th-Match-Group-C-1415714,New Zealand,Mohammad Nabi,4,0,16,2,4,11,0,0,0,0
T20I # 2645,Afghanistan vs New-Zealand-14Th-Match-Group-C-1415714,New Zealand,Naveen-ul-Haq,3,0,10,0,3.33,12,1,0,0,0
T20I # 2645,Afghanistan vs New-Zealand-14Th-Match-Group-C-1415714,New Zealand,Rashid Khan,4,0,17,4,4.25,16,2,0,2,0
T20I # 2645,Afghanistan vs New-Zealand-14Th-Match-Group-C-1415714,New Zealand,Noor Ahmad,1,0,10,0,10,1,0,1,0,0
T20I # 2644,Canada vs Ireland-13Th-Match-Group-A-1415713,Canada,Mark Adair,4,0,23,1,5.75,10,2,0,1,0
T20I # 2644,Canada vs Ireland-13Th-Match-Group-A-1415713,Canada,Josh Little,4,0,37,0,9.25,6,4,0,2,0
T20I # 2644,Canada vs Ireland-13Th-Match-Group-A-1415713,Canada,Craig Young,4,0,32,2,8,13,3,2,1,0
T20I # 2644,Canada vs Ireland-13Th-Match-Group-A-1415713,Canada,Barry McCarthy,4,0,24,2,6,12,4,0,0,0
T20I # 2644,Canada vs Ireland-13Th-Match-Group-A-1415713,Canada,Gareth Delany,2,0,10,1,5,5,0,0,0,0
T20I # 2644,Canada vs Ireland-13Th-Match-Group-A-1415713,Canada,Curtis Campher,2,0,11,0,5.5,4,0,0,1,0
T20I # 2644,Canada vs Ireland-13Th-Match-Group-A-1415713,Ireland,Kaleem Sana,4,0,38,0,9.5,11,4,1,3,0
T20I # 2644,Canada vs Ireland-13Th-Match-Group-A-1415713,Ireland,Jeremy Gordon,4,0,16,2,4,14,1,0,1,0
T20I # 2644,Canada vs Ireland-13Th-Match-Group-A-1415713,Ireland,Junaid Siddiqui,4,0,27,1,6.75,9,1,1,0,0
T20I # 2644,Canada vs Ireland-13Th-Match-Group-A-1415713,Ireland,Saad Bin Zafar,4,0,22,1,5.5,7,0,0,0,0
T20I # 2644,Canada vs Ireland-13Th-Match-Group-A-1415713,Ireland,Dilon Heyliger,4,0,18,2,4.5,12,1,0,1,0
T20I # 2643,Namibia vs Scotland-12Th-Match-Group-B-1415712,Namibia,Brad Wheal,4,0,33,3,8.25,8,2,1,1,1
T20I # 2643,Namibia vs Scotland-12Th-Match-Group-B-1415712,Namibia,Brad Currie,4,0,16,2,4,12,1,0,0,0
T20I # 2643,Namibia vs Scotland-12Th-Match-Group-B-1415712,Namibia,Chris Sole,3,0,23,1,7.66,7,3,0,1,1
T20I # 2643,Namibia vs Scotland-12Th-Match-Group-B-1415712,Namibia,Mark Watt,4,0,39,0,9.75,8,4,2,0,0
T20I # 2643,Namibia vs Scotland-12Th-Match-Group-B-1415712,Namibia,Chris Greaves,3,0,24,1,8,5,1,1,0,0
T20I # 2643,Namibia vs Scotland-12Th-Match-Group-B-1415712,Namibia,Michael Leask,2,0,16,1,8,4,1,1,0,0
T20I # 2643,Namibia vs Scotland-12Th-Match-Group-B-1415712,Scotland,Ruben Trumpelmann,4,0,36,1,9,9,1,1,4,1
T20I # 2643,Namibia vs Scotland-12Th-Match-Group-B-1415712,Scotland,David Wiese,3.3,0,30,0,8.57,10,1,3,0,0
T20I # 2643,Namibia vs Scotland-12Th-Match-Group-B-1415712,Scotland,Tangeni Lungameni,3,0,39,1,13,4,3,2,1,0
T20I # 2643,Namibia vs Scotland-12Th-Match-Group-B-1415712,Scotland,Bernard Scholtz,4,0,20,1,5,7,1,0,0,0
T20I # 2643,Namibia vs Scotland-12Th-Match-Group-B-1415712,Scotland,Gerhard Erasmus,4,0,29,2,7.25,9,1,1,2,0
T20I # 2642,United-States-Of-America vs Pakistan-11Th-Match-Group-A-1415711,Pakistan,Nosthush Kenjige,4,0,30,3,7.5,10,1,2,0,0
T20I # 2642,United-States-Of-America vs Pakistan-11Th-Match-Group-A-1415711,Pakistan,Saurabh Netravalkar,4,0,18,2,4.5,13,0,1,0,0
T20I # 2642,United-States-Of-America vs Pakistan-11Th-Match-Group-A-1415711,Pakistan,Ali Khan,4,0,30,1,7.5,8,2,1,2,0
T20I # 2642,United-States-Of-America vs Pakistan-11Th-Match-Group-A-1415711,Pakistan,Harmeet Singh,4,0,34,0,8.5,9,2,2,1,0
T20I # 2642,United-States-Of-America vs Pakistan-11Th-Match-Group-A-1415711,Pakistan,Jasdeep Singh,3,0,37,1,12.33,4,2,3,1,0
T20I # 2642,United-States-Of-America vs Pakistan-11Th-Match-Group-A-1415711,Pakistan,Corey Anderson,1,0,6,0,6,3,1,0,0,0
T20I # 2642,United-States-Of-America vs Pakistan-11Th-Match-Group-A-1415711,United States of America,Shaheen Shah Afridi,4,0,33,0,8.25,13,5,1,2,0
T20I # 2642,United-States-Of-America vs Pakistan-11Th-Match-Group-A-1415711,United States of America,Mohammad Amir,4,0,25,1,6.25,12,2,0,3,0
T20I # 2642,United-States-Of-America vs Pakistan-11Th-Match-Group-A-1415711,United States of America,Naseem Shah,4,0,26,1,6.5,9,3,0,2,0
T20I # 2642,United-States-Of-America vs Pakistan-11Th-Match-Group-A-1415711,United States of America,Haris Rauf,4,0,37,1,9.25,9,4,1,1,0
T20I # 2642,United-States-Of-America vs Pakistan-11Th-Match-Group-A-1415711,United States of America,Shadab Khan,3,0,27,0,9,4,0,2,1,0
T20I # 2642,United-States-Of-America vs Pakistan-11Th-Match-Group-A-1415711,United States of America,Iftikhar Ahmed,1,0,10,0,10,2,2,0,0,0
T20I # 2641,Australia vs Oman-10Th-Match-Group-B-1415710,Australia,Bilal Khan,4,0,36,1,9,9,4,1,1,1
T20I # 2641,Australia vs Oman-10Th-Match-Group-B-1415710,Australia,Kaleemullah,3,0,30,1,10,7,4,1,0,0
T20I # 2641,Australia vs Oman-10Th-Match-Group-B-1415710,Australia,Shakeel Ahmed,4,0,28,0,7,10,2,1,0,1
T20I # 2641,Australia vs Oman-10Th-Match-Group-B-1415710,Australia,Mehran Khan,4,0,38,2,9.5,12,1,4,0,1
T20I # 2641,Australia vs Oman-10Th-Match-Group-B-1415710,Australia,Aqib Ilyas,4,0,18,0,4.5,10,1,0,0,0
T20I # 2641,Australia vs Oman-10Th-Match-Group-B-1415710,Australia,Zeeshan Maqsood,1,0,12,0,12,0,2,0,0,0
T20I # 2641,Australia vs Oman-10Th-Match-Group-B-1415710,Oman,Mitchell Starc,3,0,20,2,6.66,12,3,0,5,0
T20I # 2641,Australia vs Oman-10Th-Match-Group-B-1415710,Oman,Josh Hazlewood,4,0,21,0,5.25,12,1,1,0,0
T20I # 2641,Australia vs Oman-10Th-Match-Group-B-1415710,Oman,Nathan Ellis,4,0,28,2,7,9,2,1,1,0
T20I # 2641,Australia vs Oman-10Th-Match-Group-B-1415710,Oman,Marcus Stoinis,3,0,19,3,6.33,11,1,1,1,0
T20I # 2641,Australia vs Oman-10Th-Match-Group-B-1415710,Oman,Glenn Maxwell,2,0,11,0,5.5,5,1,0,1,0
T20I # 2641,Australia vs Oman-10Th-Match-Group-B-1415710,Oman,Adam Zampa,4,0,24,2,6,11,0,2,0,0
T20I # 2640,Papua-New-Guinea vs Uganda-9Th-Match-Group-C-1415709,Papua New Guinea,Alpesh Ramjani,4,1,17,2,4.25,16,1,1,0,0
T20I # 2640,Papua-New-Guinea vs Uganda-9Th-Match-Group-C-1415709,Papua New Guinea,Cosmas Kyewuta,3.1,0,17,2,5.36,9,2,0,0,0
T20I # 2640,Papua-New-Guinea vs Uganda-9Th-Match-Group-C-1415709,Papua New Guinea,Juma Miyagi,4,0,11,2,2.75,16,0,0,0,1
T20I # 2640,Papua-New-Guinea vs Uganda-9Th-Match-Group-C-1415709,Papua New Guinea,Brian Masaba,4,0,17,1,4.25,11,1,0,0,0
T20I # 2640,Papua-New-Guinea vs Uganda-9Th-Match-Group-C-1415709,Papua New Guinea,Frank Nsubuga,4,2,4,2,1,20,0,0,0,0
T20I # 2640,Papua-New-Guinea vs Uganda-9Th-Match-Group-C-1415709,Uganda,Alei Nao,4,0,16,2,4,16,0,0,3,0
T20I # 2640,Papua-New-Guinea vs Uganda-9Th-Match-Group-C-1415709,Uganda,Norman Vanua,4,0,19,2,4.75,17,1,0,6,0
T20I # 2640,Papua-New-Guinea vs Uganda-9Th-Match-Group-C-1415709,Uganda,Chad Soper,4,0,13,1,3.25,14,0,0,1,0
T20I # 2640,Papua-New-Guinea vs Uganda-9Th-Match-Group-C-1415709,Uganda,Assad Vala,2,0,10,1,5,6,1,0,0,0
T20I # 2640,Papua-New-Guinea vs Uganda-9Th-Match-Group-C-1415709,Uganda,John Kariko,4,0,18,0,4.5,8,0,0,0,0
T20I # 2640,Papua-New-Guinea vs Uganda-9Th-Match-Group-C-1415709,Uganda,Charles Amini,0.2,0,2,0,6,1,0,0,0,0
T20I # 2639,India vs Ireland-8Th-Match-Group-A-1415708,Ireland,Arshdeep Singh,4,0,35,2,8.75,14,3,1,5,1
T20I # 2639,India vs Ireland-8Th-Match-Group-A-1415708,Ireland,Mohammed Siraj,3,0,13,1,4.33,14,2,0,0,0
T20I # 2639,India vs Ireland-8Th-Match-Group-A-1415708,Ireland,Jasprit Bumrah,3,1,6,2,2,13,0,0,0,0
T20I # 2639,India vs Ireland-8Th-Match-Group-A-1415708,Ireland,Hardik Pandya,4,1,27,3,6.75,14,2,2,0,0
T20I # 2639,India vs Ireland-8Th-Match-Group-A-1415708,Ireland,Axar Patel,1,0,3,1,3,3,0,0,0,0
T20I # 2639,India vs Ireland-8Th-Match-Group-A-1415708,Ireland,Ravindra Jadeja,1,0,7,0,7,2,1,0,0,0
T20I # 2639,India vs Ireland-8Th-Match-Group-A-1415708,India,Mark Adair,4,0,27,1,6.75,13,3,0,3,0
T20I # 2639,India vs Ireland-8Th-Match-Group-A-1415708,India,Josh Little,4,0,42,0,10.5,12,2,4,3,0
T20I # 2639,India vs Ireland-8Th-Match-Group-A-1415708,India,Barry McCarthy,2.2,0,18,0,7.71,5,1,1,0,0
T20I # 2639,India vs Ireland-8Th-Match-Group-A-1415708,India,Curtis Campher,1,0,4,0,4,3,0,0,0,0
T20I # 2639,India vs Ireland-8Th-Match-Group-A-1415708,India,Ben White,1,0,6,1,6,3,1,0,0,0
T20I # 2638,Nepal vs Netherlands-7Th-Match-Group-D-1415707,Nepal,Vivian Kingma,4,0,23,0,5.75,15,4,0,2,0
T20I # 2638,Nepal vs Netherlands-7Th-Match-Group-D-1415707,Nepal,Tim Pringle,4,0,20,3,5,13,1,1,0,0
T20I # 2638,Nepal vs Netherlands-7Th-Match-Group-D-1415707,Nepal,Logan van Beek,3.2,0,18,3,5.4,14,2,1,0,0
T20I # 2638,Nepal vs Netherlands-7Th-Match-Group-D-1415707,Nepal,Paul van Meekeren,4,0,19,2,4.75,12,2,0,1,0
T20I # 2638,Nepal vs Netherlands-7Th-Match-Group-D-1415707,Nepal,Bas de Leede,4,1,22,2,5.5,12,1,1,1,0
T20I # 2638,Nepal vs Netherlands-7Th-Match-Group-D-1415707,Netherlands,Karan KC,3,0,17,0,5.66,10,3,0,0,0
T20I # 2638,Nepal vs Netherlands-7Th-Match-Group-D-1415707,Netherlands,Sompal Kami,4,0,18,1,4.5,12,2,0,0,0
T20I # 2638,Nepal vs Netherlands-7Th-Match-Group-D-1415707,Netherlands,Gulsan Jha,2,0,17,0,8.5,2,2,0,0,1
T20I # 2638,Nepal vs Netherlands-7Th-Match-Group-D-1415707,Netherlands,Dipendra Singh Airee,2,0,6,1,3,7,0,0,0,0
T20I # 2638,Nepal vs Netherlands-7Th-Match-Group-D-1415707,Netherlands,Abinash Bohara,3.4,0,29,1,7.9,5,2,1,0,0
T20I # 2638,Nepal vs Netherlands-7Th-Match-Group-D-1415707,Netherlands,Sagar Dhakal,4,0,21,0,5.25,8,1,0,0,0
T20I # 2636,Afghanistan vs Uganda-5Th-Match-Group-C-1415705,Afghanistan,Alpesh Ramjani,4,0,33,1,8.25,9,0,2,0,0
T20I # 2636,Afghanistan vs Uganda-5Th-Match-Group-C-1415705,Afghanistan,Cosmas Kyewuta,4,0,25,2,6.25,9,2,0,0,0
T20I # 2636,Afghanistan vs Uganda-5Th-Match-Group-C-1415705,Afghanistan,Dinesh Nakrani,3,0,37,0,12.33,2,6,0,0,0
T20I # 2636,Afghanistan vs Uganda-5Th-Match-Group-C-1415705,Afghanistan,Bilal Hassan,2,0,34,0,17,3,4,1,1,1
T20I # 2636,Afghanistan vs Uganda-5Th-Match-Group-C-1415705,Afghanistan,Henry Ssenyondo,2,0,19,0,9.5,4,0,2,1,0
T20I # 2636,Afghanistan vs Uganda-5Th-Match-Group-C-1415705,Afghanistan,Riazat Ali Shah,1,0,11,0,11,1,1,0,0,0
T20I # 2636,Afghanistan vs Uganda-5Th-Match-Group-C-1415705,Afghanistan,Brian Masaba,4,0,21,2,5.25,8,0,0,0,0
T20I # 2636,Afghanistan vs Uganda-5Th-Match-Group-C-1415705,Uganda,Fazalhaq Farooqi,4,0,9,5,2.25,18,1,0,0,0
T20I # 2636,Afghanistan vs Uganda-5Th-Match-Group-C-1415705,Uganda,Mujeeb Ur Rahman,3,0,16,1,5.33,13,2,0,1,0
T20I # 2636,Afghanistan vs Uganda-5Th-Match-Group-C-1415705,Uganda,Naveen-ul-Haq,2,0,4,2,2,9,0,0,1,0
T20I # 2636,Afghanistan vs Uganda-5Th-Match-Group-C-1415705,Uganda,Azmatullah Omarzai,2,0,7,0,3.5,8,0,0,1,0
T20I # 2636,Afghanistan vs Uganda-5Th-Match-Group-C-1415705,Uganda,Rashid Khan,4,0,12,2,3,16,1,0,0,0
T20I # 2636,Afghanistan vs Uganda-5Th-Match-Group-C-1415705,Uganda,Mohammad Nabi,1,0,8,0,8,3,0,1,0,0
T20I # 2635,South-Africa vs Sri-Lanka-4Th-Match-Group-D-1415704,Sri Lanka,Marco Jansen,3.1,0,15,0,4.73,11,0,1,1,0
T20I # 2635,South-Africa vs Sri-Lanka-4Th-Match-Group-D-1415704,Sri Lanka,Kagiso Rabada,4,1,21,2,5.25,15,2,1,1,0
T20I # 2635,South-Africa vs Sri-Lanka-4Th-Match-Group-D-1415704,Sri Lanka,Ottneil Baartman,4,1,9,1,2.25,20,1,0,1,0
T20I # 2635,South-Africa vs Sri-Lanka-4Th-Match-Group-D-1415704,Sri Lanka,Keshav Maharaj,4,0,22,2,5.5,10,0,1,0,0
T20I # 2635,South-Africa vs Sri-Lanka-4Th-Match-Group-D-1415704,Sri Lanka,Anrich Nortje,4,0,7,4,1.75,18,0,0,0,0
T20I # 2635,South-Africa vs Sri-Lanka-4Th-Match-Group-D-1415704,South Africa,Angelo Mathews,3,0,16,0,5.33,11,1,1,1,0
T20I # 2635,South-Africa vs Sri-Lanka-4Th-Match-Group-D-1415704,South Africa,Nuwan Thushara,3,0,18,1,6,8,0,1,0,1
T20I # 2635,South-Africa vs Sri-Lanka-4Th-Match-Group-D-1415704,South Africa,Dasun Shanaka,3,1,6,1,2,12,0,0,0,0
T20I # 2635,South-Africa vs Sri-Lanka-4Th-Match-Group-D-1415704,South Africa,Matheesha Pathirana,3,0,12,0,4,8,0,0,1,0
T20I # 2635,South-Africa vs Sri-Lanka-4Th-Match-Group-D-1415704,South Africa,Wanindu Hasaranga,3.2,0,22,2,6.6,10,2,1,0,0
T20I # 2635,South-Africa vs Sri-Lanka-4Th-Match-Group-D-1415704,South Africa,Maheesh Theekshana,1,0,3,0,3,3,0,0,0,0
T20I # 2634,Namibia vs Oman-3Rd-Match-Group-B-1415703,Oman,Ruben Trumpelmann,4,0,21,4,5.25,12,2,0,0,1
T20I # 2634,Namibia vs Oman-3Rd-Match-Group-B-1415703,Oman,David Wiese,3.4,0,28,3,7.63,11,4,1,0,0
T20I # 2634,Namibia vs Oman-3Rd-Match-Group-B-1415703,Oman,Tangeni Lungameni,4,0,18,0,4.5,14,2,0,1,0
T20I # 2634,Namibia vs Oman-3Rd-Match-Group-B-1415703,Oman,Bernard Scholtz,4,0,20,1,5,11,0,1,1,0
T20I # 2634,Namibia vs Oman-3Rd-Match-Group-B-1415703,Oman,Gerhard Erasmus,4,0,20,2,5,9,1,0,0,0
T20I # 2634,Namibia vs Oman-3Rd-Match-Group-B-1415703,Namibia,Bilal Khan,4,0,25,1,6.25,11,2,1,1,0
T20I # 2634,Namibia vs Oman-3Rd-Match-Group-B-1415703,Namibia,Shakeel Ahmed,3,0,20,0,6.66,10,4,0,0,0
T20I # 2634,Namibia vs Oman-3Rd-Match-Group-B-1415703,Namibia,Kaleemullah,2,0,10,0,5,7,1,0,0,0
T20I # 2634,Namibia vs Oman-3Rd-Match-Group-B-1415703,Namibia,Aqib Ilyas,4,1,17,1,4.25,15,1,1,0,0
T20I # 2634,Namibia vs Oman-3Rd-Match-Group-B-1415703,Namibia,Mehran Khan,3,1,7,3,2.33,12,0,0,0,0
T20I # 2634,Namibia vs Oman-3Rd-Match-Group-B-1415703,Namibia,Zeeshan Maqsood,2,0,12,0,6,4,1,0,0,0
T20I # 2634,Namibia vs Oman-3Rd-Match-Group-B-1415703,Namibia,Ayaan Khan,2,0,12,1,6,6,1,0,1,0
T20I # 2633,West-Indies vs Papua-New-Guinea-2Nd-Match-Group-C-1415702,Papua New Guinea,Akeal Hosein,3,0,9,1,3,13,1,0,0,0
T20I # 2633,West-Indies vs Papua-New-Guinea-2Nd-Match-Group-C-1415702,Papua New Guinea,Romario Shepherd,3,0,23,1,7.66,5,1,0,1,0
T20I # 2633,West-Indies vs Papua-New-Guinea-2Nd-Match-Group-C-1415702,Papua New Guinea,Andre Russell,3,0,19,2,6.33,8,2,0,1,0
T20I # 2633,West-Indies vs Papua-New-Guinea-2Nd-Match-Group-C-1415702,Papua New Guinea,Roston Chase,4,0,26,0,6.5,11,1,1,3,0
T20I # 2633,West-Indies vs Papua-New-Guinea-2Nd-Match-Group-C-1415702,Papua New Guinea,Alzarri Joseph,4,0,34,2,8.5,11,5,0,1,1
T20I # 2633,West-Indies vs Papua-New-Guinea-2Nd-Match-Group-C-1415702,Papua New Guinea,Gudakesh Motie,3,0,24,1,8,7,2,1,0,0
T20I # 2633,West-Indies vs Papua-New-Guinea-2Nd-Match-Group-C-1415702,West Indies,Kabua Morea,3,0,30,0,10,7,6,0,0,0
T20I # 2633,West-Indies vs Papua-New-Guinea-2Nd-Match-Group-C-1415702,West Indies,Alei Nao,2,1,9,1,4.5,9,2,0,0,0
T20I # 2633,West-Indies vs Papua-New-Guinea-2Nd-Match-Group-C-1415702,West Indies,Chad Soper,3,0,19,1,6.33,8,2,0,0,0
T20I # 2633,West-Indies vs Papua-New-Guinea-2Nd-Match-Group-C-1415702,West Indies,Sese Bau,1,0,18,0,18,1,1,2,0,0
T20I # 2633,West-Indies vs Papua-New-Guinea-2Nd-Match-Group-C-1415702,West Indies,John Kariko,4,0,17,1,4.25,15,0,1,0,0
T20I # 2633,West-Indies vs Papua-New-Guinea-2Nd-Match-Group-C-1415702,West Indies,Assad Vala,4,1,28,2,7,11,3,1,0,0
T20I # 2633,West-Indies vs Papua-New-Guinea-2Nd-Match-Group-C-1415702,West Indies,Charles Amini,2,0,14,0,7,3,0,1,0,0
T20I # 2632,United-States-Of-America vs Canada-1St-Match-Group-A-1415701,Canada,Ali Khan,4,0,41,1,10.25,11,5,2,2,0
T20I # 2632,United-States-Of-America vs Canada-1St-Match-Group-A-1415701,Canada,Saurabh Netravalkar,2,0,16,0,8,3,2,0,0,0
T20I # 2632,United-States-Of-America vs Canada-1St-Match-Group-A-1415701,Canada,Harmeet Singh,4,0,27,1,6.75,11,3,1,0,0
T20I # 2632,United-States-Of-America vs Canada-1St-Match-Group-A-1415701,Canada,Jasdeep Singh,3,0,24,0,8,7,4,0,0,0
T20I # 2632,United-States-Of-America vs Canada-1St-Match-Group-A-1415701,Canada,Shadley van Schalkwyk,3,0,34,0,11.33,1,1,2,0,0
T20I # 2632,United-States-Of-America vs Canada-1St-Match-Group-A-1415701,Canada,Steven Taylor,1,0,15,0,15,1,0,2,0,0
T20I # 2632,United-States-Of-America vs Canada-1St-Match-Group-A-1415701,Canada,Corey Anderson,3,0,29,1,9.66,4,2,1,0,0
T20I # 2632,United-States-Of-America vs Canada-1St-Match-Group-A-1415701,United States of America,Kaleem Sana,4,0,34,1,8.5,9,4,0,3,0
T20I # 2632,United-States-Of-America vs Canada-1St-Match-Group-A-1415701,United States of America,Jeremy Gordon,3,0,44,0,14.66,7,4,3,3,2
T20I # 2632,United-States-Of-America vs Canada-1St-Match-Group-A-1415701,United States of America,Dilon Heyliger,3,0,19,1,6.33,9,0,1,2,0
T20I # 2632,United-States-Of-America vs Canada-1St-Match-Group-A-1415701,United States of America,Saad Bin Zafar,4,0,42,0,10.5,9,2,4,0,0
T20I # 2632,United-States-Of-America vs Canada-1St-Match-Group-A-1415701,United States of America,Nikhil Dutta,2.4,0,41,1,15.37,5,2,4,2,1
T20I # 2632,United-States-Of-America vs Canada-1St-Match-Group-A-1415701,United States of America,Pargat Singh,1,0,15,0,15,0,1,1,0,0
